username,created_at,content_length,reblogs,favorites,hour,engagement,day_of_week
GlacierMedia,2025-11-11 17:30:00+00:00,271,0,0,17,0,Tuesday
www.thisismoney.co.uk.ns.mchannel.rss.ns.campaign.1490.ito.1490,2025-11-13 18:35:49+00:00,390,0,0,18,0,Thursday
LilyBones,2025-11-13 18:35:48+00:00,106,0,0,18,0,Thursday
GoodHouseUK,2025-11-13 16:25:00+00:00,308,0,0,16,0,Thursday
Girondo,2025-11-13 18:35:47+00:00,109,0,0,18,0,Thursday
Investingdotcom,2025-11-13 00:00:00+00:00,291,0,0,0,0,Thursday
clown,2025-11-13 18:35:47+00:00,87,0,0,18,0,Thursday
Phocidae_,2025-11-13 18:35:47+00:00,37,0,0,18,0,Thursday
jungewelt,2025-11-13 18:35:46+00:00,119,0,0,18,0,Thursday
Golfweek,2025-11-13 17:15:27+00:00,321,0,0,17,0,Thursday
thejtoken,2025-11-13 18:35:47+00:00,114,0,0,18,0,Thursday
jitpal,2025-11-13 18:20:29+00:00,203,0,0,18,0,Thursday
rollenspielmonster,2025-11-13 18:35:47+00:00,489,0,0,18,0,Thursday
xyzsocialnews,2025-11-13 18:20:36+00:00,349,0,0,18,0,Thursday
TheTelegraph,2025-11-13 17:27:16+00:00,258,0,0,17,0,Thursday
TheMotleyFool,2025-11-13 17:12:02+00:00,200,0,0,17,0,Thursday
sapopt,2025-11-13 18:35:46+00:00,240,0,0,18,0,Thursday
FullyAutomatedRPG,2025-11-13 18:35:45+00:00,250,0,0,18,0,Thursday
TheHindu,2025-11-13 17:38:06+00:00,304,0,0,17,0,Thursday
Gazzetta,2025-11-13 17:37:55+00:00,307,0,0,17,0,Thursday
theintellectualistofficial.substack.com,2025-11-13 18:35:45+00:00,341,0,0,18,0,Thursday
theintellectualistofficial.substack.com,2025-11-13 18:35:45+00:00,355,0,0,18,0,Thursday
blogoklahoma,2025-11-13 18:20:32+00:00,268,0,0,18,0,Thursday
www.err.ee,2025-11-13 18:35:42+00:00,259,0,0,18,0,Thursday
www.err.ee,2025-11-13 18:35:42+00:00,325,0,0,18,0,Thursday
www.err.ee,2025-11-13 18:35:42+00:00,234,0,0,18,0,Thursday
www.err.ee,2025-11-13 18:35:42+00:00,289,0,0,18,0,Thursday
www.err.ee,2025-11-13 18:35:42+00:00,252,0,0,18,0,Thursday
www.err.ee,2025-11-13 18:35:42+00:00,193,0,0,18,0,Thursday
www.err.ee,2025-11-13 18:35:42+00:00,363,0,0,18,0,Thursday
www.err.ee,2025-11-13 18:35:42+00:00,359,0,0,18,0,Thursday
www.err.ee,2025-11-13 18:35:42+00:00,243,0,0,18,0,Thursday
haber,2025-11-13 18:35:43+00:00,221,0,0,18,0,Thursday
www.err.ee,2025-11-13 18:35:42+00:00,275,0,0,18,0,Thursday
www.err.ee,2025-11-13 18:35:42+00:00,285,0,0,18,0,Thursday
www.err.ee,2025-11-13 18:35:42+00:00,303,0,0,18,0,Thursday
www.err.ee,2025-11-13 18:35:42+00:00,370,0,0,18,0,Thursday
www.err.ee,2025-11-13 18:35:42+00:00,339,0,0,18,0,Thursday
kissmaelis,2025-11-13 18:35:42+00:00,109,0,0,18,0,Thursday
www.err.ee,2025-11-13 18:35:42+00:00,302,0,0,18,0,Thursday
www.err.ee,2025-11-13 18:35:42+00:00,416,0,0,18,0,Thursday
www.err.ee,2025-11-13 18:35:42+00:00,208,0,0,18,0,Thursday
www.err.ee,2025-11-13 18:35:42+00:00,83,0,0,18,0,Thursday
www.err.ee,2025-11-13 18:35:42+00:00,210,0,0,18,0,Thursday
www.err.ee,2025-11-13 18:35:42+00:00,369,0,0,18,0,Thursday
www.err.ee,2025-11-13 18:35:42+00:00,339,0,0,18,0,Thursday
ada,2025-11-13 18:35:40+00:00,28,0,0,18,0,Thursday
TheHindu,2025-11-13 17:36:58+00:00,274,0,0,17,0,Thursday
www.err.ee,2025-11-13 18:35:42+00:00,215,0,0,18,0,Thursday
yahoonews,2025-11-13 18:20:02+00:00,117,0,0,18,0,Thursday
www.humanite.fr.sections.monde,2025-11-13 18:35:42+00:00,509,0,0,18,0,Thursday
www.humanite.fr.sections.monde,2025-11-13 18:35:42+00:00,446,0,0,18,0,Thursday
www.humanite.fr.sections.monde,2025-11-13 18:35:42+00:00,563,0,0,18,0,Thursday
www.humanite.fr.sections.monde,2025-11-13 18:35:42+00:00,457,0,0,18,0,Thursday
www.humanite.fr.sections.monde,2025-11-13 18:35:42+00:00,412,0,0,18,0,Thursday
www.humanite.fr.sections.monde,2025-11-13 18:35:42+00:00,453,0,0,18,0,Thursday
TheMotleyFool,2025-11-13 17:11:56+00:00,196,0,0,17,0,Thursday
www.humanite.fr.sections.monde,2025-11-13 18:35:42+00:00,476,0,0,18,0,Thursday
clevelandnews,2025-11-13 17:43:59+00:00,340,0,0,17,0,Thursday
www.humanite.fr.sections.monde,2025-11-13 18:35:42+00:00,498,0,0,18,0,Thursday
ErinRose,2025-11-13 18:35:40+00:00,99,0,0,18,0,Thursday
houshino,2025-11-13 18:35:40+00:00,16,0,0,18,0,Thursday
SujaMd,2025-11-13 17:46:31+00:00,208,0,0,17,0,Thursday
FarOutMagazine,2025-11-13 17:30:00+00:00,211,0,0,17,0,Thursday
SujaMd,2025-11-13 17:46:09+00:00,253,0,0,17,0,Thursday
parentportfolio,2025-11-13 17:47:27+00:00,294,0,0,17,0,Thursday
martinsteiger,2025-11-13 18:35:39+00:00,173,0,0,18,0,Thursday
risahana,2025-11-13 18:35:39+00:00,9,0,0,18,0,Thursday
screenrant,2025-11-13 18:20:29+00:00,178,0,0,18,0,Thursday
Aktualitysk,2025-11-13 18:35:39+00:00,104,0,0,18,0,Thursday
RobertGlattau,2025-11-13 18:35:37+00:00,162,0,0,18,0,Thursday
chalpin,2025-11-13 18:35:38+00:00,126,0,0,18,0,Thursday
progressions,2025-11-13 18:35:35+00:00,73,0,0,18,0,Thursday
mysanantonio,2025-11-13 18:20:30+00:00,88,0,0,18,0,Thursday
touk,2025-11-13 18:35:31+00:00,62,0,0,18,0,Thursday
GamingNews,2025-11-13 18:35:32+00:00,491,0,0,18,0,Thursday
sncf_ligne_r,2025-11-13 18:35:36+00:00,30,0,0,18,0,Thursday
gnss_changes,2025-11-13 18:35:35+00:00,54,0,0,18,0,Thursday
RER_A,2025-11-13 18:35:36+00:00,256,0,0,18,0,Thursday
TheHindu,2025-11-13 17:36:14+00:00,234,1,0,17,1,Thursday
franckraisch,2025-11-13 18:35:36+00:00,118,0,0,18,0,Thursday
mountdiscovery,2025-11-13 18:35:36+00:00,52,0,0,18,0,Thursday
angelospics,2025-11-13 18:35:34+00:00,137,0,0,18,0,Thursday
getchtchern,2025-11-13 18:35:35+00:00,287,0,0,18,0,Thursday
nieuws,2025-11-13 18:35:32+00:00,239,0,0,18,0,Thursday
emsc,2025-11-13 18:35:34+00:00,121,0,0,18,0,Thursday
firecams,2025-11-13 18:35:33+00:00,197,0,0,18,0,Thursday
smolwaffle,2025-11-13 18:35:33+00:00,155,0,0,18,0,Thursday
suliqyre,2025-11-13 18:20:18+00:00,341,0,0,18,0,Thursday
eldiarioes,2025-11-13 12:50:24+00:00,4957,0,0,12,0,Thursday
eldiarioes,2025-11-13 12:46:17+00:00,4048,0,0,12,0,Thursday
kuwas_h,2025-11-13 18:35:32+00:00,22,0,0,18,0,Thursday
eurkplay,2025-11-13 18:20:18+00:00,174,0,0,18,0,Thursday
acarsdrama,2025-11-13 18:34:02+00:00,168,0,0,18,0,Thursday
TheAthleticFC,2025-11-13 18:32:45+00:00,327,0,0,18,0,Thursday
Roadandtrack,2025-11-13 17:34:00+00:00,228,1,0,17,1,Thursday
Snooker_Chat,2025-11-13 18:35:28+00:00,328,0,0,18,0,Thursday
EroBookSaleNavi,2025-11-13 18:35:26+00:00,115,0,0,18,0,Thursday
firecams,2025-11-13 18:35:27+00:00,178,0,0,18,0,Thursday
jonas_shaffer,2025-11-13 18:33:22+00:00,104,0,0,18,0,Thursday
eldiarioes,2025-11-13 13:07:41+00:00,9936,0,0,13,0,Thursday
ohmrun,2025-11-13 18:35:28+00:00,166,0,0,18,0,Thursday
jt_rebelo,2025-11-13 18:35:23+00:00,245,0,0,18,0,Thursday
TheHindu,2025-11-13 17:35:26+00:00,281,1,0,17,1,Thursday
Avalanche,2025-11-13 18:33:16+00:00,45,0,0,18,0,Thursday
risahana,2025-11-13 18:35:26+00:00,18,0,0,18,0,Thursday
ttarses,2025-11-13 18:35:25+00:00,313,0,0,18,0,Thursday
etrend_sk,2025-11-13 18:35:25+00:00,175,0,0,18,0,Thursday
sj,2025-11-13 18:35:20+00:00,122,0,0,18,0,Thursday
Justin_Rogers,2025-11-13 18:34:59+00:00,278,0,0,18,0,Thursday
emsc,2025-11-13 18:35:24+00:00,119,0,0,18,0,Thursday
LoganFive,2025-11-13 18:35:23+00:00,68,1,0,18,1,Thursday
uavideos,2025-11-13 18:35:21+00:00,127,0,0,18,0,Thursday
jake4480,2025-11-13 18:35:22+00:00,78,0,0,18,0,Thursday
NuOpRadio2,2025-11-13 18:35:22+00:00,56,0,0,18,0,Thursday
firecams,2025-11-13 18:35:22+00:00,123,0,0,18,0,Thursday
Roadandtrack,2025-11-13 16:54:00+00:00,219,1,0,16,1,Thursday
pbs,2025-11-13 18:35:19+00:00,167,1,0,18,1,Thursday
www.apotheken-umschau.de,2025-11-13 18:35:21+00:00,296,0,0,18,0,Thursday
www.apotheken-umschau.de,2025-11-13 18:35:21+00:00,296,0,0,18,0,Thursday
www.apotheken-umschau.de,2025-11-13 18:35:21+00:00,301,0,0,18,0,Thursday
www.apotheken-umschau.de,2025-11-13 18:35:21+00:00,287,0,0,18,0,Thursday
usweekly,2025-11-13 16:30:45+00:00,269,0,0,16,0,Thursday
thgie,2025-11-13 18:35:07+00:00,400,0,0,18,0,Thursday
ringsidenewscom,2025-11-13 18:20:08+00:00,146,0,0,18,0,Thursday
rogue_corq,2025-11-13 18:35:17+00:00,266,1,0,18,1,Thursday
GIGANTESbasket,2025-11-13 18:34:07+00:00,206,0,0,18,0,Thursday
dmtalkies,2025-11-13 18:20:09+00:00,0,0,0,18,0,Thursday
agendaschiedam,2025-11-13 18:35:17+00:00,165,0,0,18,0,Thursday
firecams,2025-11-13 18:35:16+00:00,117,0,0,18,0,Thursday
railway_regret,2025-11-13 18:35:16+00:00,146,0,0,18,0,Thursday
eldiarioes,2025-11-13 13:10:38+00:00,3908,0,0,13,0,Thursday
Slashgear,2025-11-13 17:45:00+00:00,238,1,0,17,1,Thursday
NYMag,2025-11-13 17:00:19+00:00,200,2,0,17,2,Thursday
nba,2025-11-13 18:35:06+00:00,202,2,0,18,2,Thursday
nhl,2025-11-13 18:35:05+00:00,181,1,0,18,1,Thursday
6v8,2025-11-13 18:35:15+00:00,13,0,0,18,0,Thursday
sfmtadocsbot,2025-11-13 18:35:11+00:00,115,0,0,18,0,Thursday
sapopt,2025-11-13 18:35:15+00:00,302,0,0,18,0,Thursday
foxmental,2025-11-13 18:20:06+00:00,403,0,0,18,0,Thursday
pbs,2025-11-13 18:35:07+00:00,191,1,0,18,1,Thursday
eldiarioes,2025-11-13 13:20:13+00:00,2720,0,0,13,0,Thursday
alojapan,2025-11-13 18:35:05+00:00,557,1,0,18,1,Thursday
eldiarioes,2025-11-13 13:13:49+00:00,5586,0,0,13,0,Thursday
istnurzumtesten,2025-11-13 18:35:14+00:00,137,0,0,18,0,Thursday
MTBotProfound,2025-11-13 18:35:14+00:00,87,0,0,18,0,Thursday
yle_fi_bot,2025-11-13 18:35:02+00:00,275,0,0,18,0,Thursday
isadora,2025-11-13 18:35:12+00:00,222,0,0,18,0,Thursday
chemoelectric,2025-11-13 18:35:11+00:00,372,0,0,18,0,Thursday
umbralgold,2025-11-13 18:35:13+00:00,99,0,0,18,0,Thursday
selfcare,2025-11-13 18:35:11+00:00,39,0,0,18,0,Thursday
aiurri,2025-11-13 18:35:13+00:00,382,0,0,18,0,Thursday
RNDAudience,2025-11-13 17:35:31+00:00,299,2,0,17,2,Thursday
oncediariomx,2025-11-13 18:34:07+00:00,581,0,0,18,0,Thursday
cordopolis.es,2025-11-13 18:35:02+00:00,160,0,0,18,0,Thursday
firecams,2025-11-13 18:35:11+00:00,116,0,0,18,0,Thursday
clevelandnews,2025-11-13 17:34:11+00:00,313,1,0,17,1,Thursday
syrinx20XX,2025-11-13 18:35:12+00:00,47,0,0,18,0,Thursday
TomasHelleberg,2025-11-13 18:35:11+00:00,11,0,0,18,0,Thursday
pg,2025-11-13 18:35:06+00:00,311,0,0,18,0,Thursday
RebelliousCheez,2025-11-13 18:35:04+00:00,301,0,0,18,0,Thursday
RPG_Hack,2025-11-13 18:35:11+00:00,272,0,0,18,0,Thursday
matsuno,2025-11-13 18:35:10+00:00,154,0,0,18,0,Thursday
pedrosiilvestree,2025-11-13 18:19:59+00:00,236,0,0,18,0,Thursday
walknews,2025-11-13 18:35:07+00:00,83,0,0,18,0,Thursday
inspirationgrid,2025-11-13 18:35:06+00:00,227,0,0,18,0,Thursday
tkhunt,2025-11-13 18:35:05+00:00,313,0,0,18,0,Thursday
Arsene,2025-11-13 18:35:10+00:00,271,0,0,18,0,Thursday
WConcertHall,2025-11-13 18:35:09+00:00,196,0,0,18,0,Thursday
HailSatan,2025-11-13 18:35:07+00:00,71,0,0,18,0,Thursday
Niina,2025-11-13 18:35:02+00:00,71,0,0,18,0,Thursday
eldiarioes,2025-11-13 13:20:30+00:00,11492,0,0,13,0,Thursday
mag,2025-11-13 18:35:05+00:00,72,0,0,18,0,Thursday
ShadowJonathan,2025-11-13 18:35:05+00:00,93,0,0,18,0,Thursday
aidan,2025-11-13 18:35:06+00:00,126,0,0,18,0,Thursday
GlacierMedia,2025-11-13 17:30:00+00:00,262,0,0,17,0,Thursday
gulfchannels,2025-11-13 18:35:05+00:00,112,0,0,18,0,Thursday
ptkorea,2025-11-13 18:35:05+00:00,64,0,0,18,0,Thursday
WConcertHall,2025-11-13 18:35:06+00:00,249,0,0,18,0,Thursday
NYMag,2025-11-13 17:00:19+00:00,257,2,0,17,2,Thursday
BAILII,2025-11-13 18:35:06+00:00,158,0,0,18,0,Thursday
media,2025-11-13 18:35:04+00:00,106,0,0,18,0,Thursday
yle_fi_bot,2025-11-13 18:35:01+00:00,435,0,0,18,0,Thursday
mlb,2025-11-13 18:35:04+00:00,141,1,0,18,1,Thursday
golem,2025-11-13 18:35:02+00:00,186,0,0,18,0,Thursday
weird_prompts,2025-11-13 18:35:04+00:00,94,0,0,18,0,Thursday
hangover,2025-11-13 18:35:04+00:00,118,0,0,18,0,Thursday
rain,2025-11-13 18:34:56+00:00,22,0,0,18,0,Thursday
Flossy,2025-11-13 18:35:03+00:00,157,0,0,18,0,Thursday
maikel,2025-11-13 18:35:01+00:00,135,0,0,18,0,Thursday
uranews,2025-11-13 18:35:01+00:00,97,1,0,18,1,Thursday
clevelandnews,2025-11-13 17:17:46+00:00,367,1,0,17,1,Thursday
RNDAudience,2025-11-13 17:34:21+00:00,285,2,0,17,2,Thursday
booksns,2025-11-13 18:35:01+00:00,236,0,0,18,0,Thursday
WConcertHall,2025-11-13 18:35:01+00:00,186,0,0,18,0,Thursday
WConcertHall,2025-11-13 18:35:01+00:00,211,0,0,18,0,Thursday
Arsene,2025-11-13 18:35:01+00:00,457,0,0,18,0,Thursday
TheMotleyFool,2025-11-13 17:10:50+00:00,196,0,0,17,0,Thursday
usa_east,2025-11-13 18:32:03+00:00,217,0,0,18,0,Thursday
micione,2025-11-13 18:34:59+00:00,15,0,0,18,0,Thursday
Bean_47,2025-11-13 18:34:59+00:00,27,0,0,18,0,Thursday
KEXPMusicBot,2025-11-13 18:34:59+00:00,222,0,0,18,0,Thursday
VivaLaStool,2025-11-13 18:32:54+00:00,50,0,0,18,0,Thursday
gayblogbr,2025-11-13 18:19:47+00:00,216,0,0,18,0,Thursday
AaronDavid,2025-11-13 18:34:57+00:00,513,1,0,18,1,Thursday
counterpoint,2025-11-13 18:34:55+00:00,280,0,0,18,0,Thursday
TheHindu,2025-11-13 17:35:01+00:00,270,1,0,17,1,Thursday
schadjoe,2025-11-13 18:34:41+00:00,260,0,0,18,0,Thursday
TheHindu,2025-11-13 17:34:38+00:00,364,1,0,17,1,Thursday
thefotoapp,2025-11-13 18:19:44+00:00,221,0,0,18,0,Thursday
BusinessInsider,2025-11-13 17:36:38+00:00,231,0,0,17,0,Thursday
SujaMd,2025-11-13 17:45:59+00:00,231,0,0,17,0,Thursday
grumpygryphon,2025-11-13 18:34:54+00:00,110,0,0,18,0,Thursday
graemepark,2025-11-13 18:34:51+00:00,178,0,0,18,0,Thursday
PatMcAfeeShow,2025-11-13 18:34:29+00:00,135,0,0,18,0,Thursday
horizonert,2025-11-13 18:19:45+00:00,307,0,0,18,0,Thursday
eldiarioes,2025-11-13 13:25:43+00:00,4811,0,0,13,0,Thursday
iembot_byz,2025-11-13 18:34:52+00:00,524,0,0,18,0,Thursday
TheHindu,2025-11-13 17:34:51+00:00,289,1,0,17,1,Thursday
Gigade,2025-11-13 17:44:00+00:00,247,0,0,17,0,Thursday
baskin,2025-11-13 18:34:47+00:00,78,0,0,18,0,Thursday
ratp_ligne_4,2025-11-13 18:34:51+00:00,30,0,0,18,0,Thursday
AaronDavid,2025-11-13 18:34:47+00:00,513,0,0,18,0,Thursday
wallpapers,2025-11-13 18:34:40+00:00,136,0,0,18,0,Thursday
eldiarioes,2025-11-13 13:30:21+00:00,5738,0,0,13,0,Thursday
msawzall,2025-11-13 18:19:41+00:00,96,0,0,18,0,Thursday
SujaMd,2025-11-13 17:47:19+00:00,151,0,0,17,0,Thursday
eldiarioes,2025-11-13 13:33:47+00:00,3261,0,0,13,0,Thursday
TheMotleyFool,2025-11-13 17:22:11+00:00,192,0,0,17,0,Thursday
TheMotleyFool,2025-11-13 17:08:39+00:00,274,0,0,17,0,Thursday
UnderdogNFL,2025-11-13 18:33:08+00:00,61,0,0,18,0,Thursday
StingrayBadger,2025-11-13 18:34:46+00:00,532,0,0,18,0,Thursday
rss.xcancel.com.bosunatiklama,2025-11-13 18:34:47+00:00,305,0,0,18,0,Thursday
rss.xcancel.com.bosunatiklama,2025-11-13 18:34:47+00:00,305,0,0,18,0,Thursday
rss.xcancel.com.bosunatiklama,2025-11-13 18:34:47+00:00,243,0,0,18,0,Thursday
sprint0000,2025-11-13 18:34:47+00:00,31,0,0,18,0,Thursday
rss.xcancel.com.bosunatiklama,2025-11-13 18:34:47+00:00,189,0,0,18,0,Thursday
rss.xcancel.com.bosunatiklama,2025-11-13 18:34:47+00:00,411,0,0,18,0,Thursday
rss.xcancel.com.bosunatiklama,2025-11-13 18:34:47+00:00,167,0,0,18,0,Thursday
rss.xcancel.com.bosunatiklama,2025-11-13 18:34:47+00:00,221,0,0,18,0,Thursday
IndieWire,2025-11-13 17:44:56+00:00,309,2,0,17,2,Thursday
rss.xcancel.com.bosunatiklama,2025-11-13 18:34:47+00:00,313,0,0,18,0,Thursday
rss.xcancel.com.bosunatiklama,2025-11-13 18:34:47+00:00,263,0,0,18,0,Thursday
rss.xcancel.com.bosunatiklama,2025-11-13 18:34:47+00:00,313,0,0,18,0,Thursday
rss.xcancel.com.bosunatiklama,2025-11-13 18:34:47+00:00,261,0,0,18,0,Thursday
www.youtube.com.channel.uc-3jialnqmbbvmv6gr7k8aq,2025-11-13 18:34:46+00:00,134,0,0,18,0,Thursday
www.youtube.com.channel.uc-3jialnqmbbvmv6gr7k8aq,2025-11-13 18:34:46+00:00,53,0,0,18,0,Thursday
ptrc,2025-11-13 18:34:42+00:00,229,0,0,18,0,Thursday
lowqualityfacts,2025-11-13 18:19:29+00:00,108,0,0,18,0,Thursday
blogoklahoma,2025-11-13 18:19:34+00:00,206,0,0,18,0,Thursday
admin,2025-11-13 18:34:46+00:00,152,2,0,18,2,Thursday
TheMotleyFool,2025-11-13 17:07:23+00:00,189,0,0,17,0,Thursday
GamingWolf,2025-11-13 18:34:44+00:00,48,0,0,18,0,Thursday
CarandDriver,2025-11-13 16:56:00+00:00,221,0,0,16,0,Thursday
TheMotleyFool,2025-11-13 17:21:54+00:00,202,0,0,17,0,Thursday
Phocidae_,2025-11-13 18:34:44+00:00,2,0,0,18,0,Thursday
m0bi,2025-11-13 18:34:44+00:00,180,1,0,18,1,Thursday
SujaMd,2025-11-13 17:45:45+00:00,195,0,0,17,0,Thursday
repo,2025-11-13 18:34:42+00:00,209,1,0,18,1,Thursday
sapopt,2025-11-13 18:34:44+00:00,271,0,0,18,0,Thursday
wallpapers,2025-11-13 18:34:27+00:00,136,0,0,18,0,Thursday
eldiarioes,2025-11-13 13:55:21+00:00,2515,0,0,13,0,Thursday
whatsupnewp.com,2025-11-13 18:34:43+00:00,415,0,0,18,0,Thursday
ministerstvo,2025-11-13 18:34:42+00:00,292,0,0,18,0,Thursday
dallascowboys,2025-11-13 18:33:54+00:00,180,0,0,18,0,Thursday
ministerstvo,2025-11-13 18:34:41+00:00,337,0,0,18,0,Thursday
neurovagrant,2025-11-13 18:34:38+00:00,413,1,0,18,1,Thursday
CTVNews,2025-11-13 16:55:18+00:00,288,1,0,16,1,Thursday
AaronDavid,2025-11-13 18:34:40+00:00,513,0,0,18,0,Thursday
famousblueben,2025-11-13 18:34:40+00:00,491,0,0,18,0,Thursday
kuwas_h,2025-11-13 18:34:38+00:00,9,0,0,18,0,Thursday
risahana,2025-11-13 18:34:39+00:00,12,0,0,18,0,Thursday
transfers,2025-11-13 18:34:39+00:00,112,0,0,18,0,Thursday
JenWithGravy,2025-11-13 18:34:38+00:00,44,0,0,18,0,Thursday
ESPNFC,2025-11-13 18:32:52+00:00,36,0,0,18,0,Thursday
olukawy,2025-11-13 18:34:39+00:00,762,2,0,18,2,Thursday
3DownNation,2025-11-13 18:33:50+00:00,150,0,0,18,0,Thursday
gopi,2025-11-13 18:34:37+00:00,269,0,0,18,0,Thursday
wdlindsy,2025-11-13 18:34:35+00:00,404,0,0,18,0,Thursday
geeksaresexy,2025-11-13 18:19:23+00:00,59,0,0,18,0,Thursday
films,2025-11-13 18:34:36+00:00,83,0,0,18,0,Thursday
hummussapiens,2025-11-13 18:34:36+00:00,138,0,0,18,0,Thursday
Phocidae_,2025-11-13 18:34:35+00:00,31,0,0,18,0,Thursday
TheMotleyFool,2025-11-13 17:05:44+00:00,196,0,0,17,0,Thursday
barstoolsports,2025-11-13 18:33:37+00:00,93,0,0,18,0,Thursday
hrot24cz,2025-11-13 18:34:31+00:00,364,0,0,18,0,Thursday
hrot24cz,2025-11-13 18:34:30+00:00,331,0,0,18,0,Thursday
birds,2025-11-13 18:34:32+00:00,100,0,0,18,0,Thursday
hrot24cz,2025-11-13 18:34:30+00:00,334,0,0,18,0,Thursday
hrot24cz,2025-11-13 18:34:29+00:00,358,0,0,18,0,Thursday
futame,2025-11-13 18:34:33+00:00,27,0,0,18,0,Thursday
mossy,2025-11-13 18:34:32+00:00,183,0,0,18,0,Thursday
DiMarzio,2025-11-13 18:33:55+00:00,121,0,0,18,0,Thursday
CTVNews,2025-11-13 17:24:54+00:00,310,1,0,17,1,Thursday
Aaron_David,2025-11-13 18:34:30+00:00,513,1,0,18,1,Thursday
professorkiosk,2025-11-13 18:34:29+00:00,100,1,0,18,1,Thursday
chaprot,2025-11-13 18:34:29+00:00,330,0,0,18,0,Thursday
svenno10,2025-11-13 18:34:27+00:00,163,0,1,18,1,Thursday
risahana,2025-11-13 18:34:28+00:00,5,0,0,18,0,Thursday
tetrapathos,2025-11-13 18:34:28+00:00,56,0,0,18,0,Thursday
pingvika,2025-11-13 18:19:11+00:00,168,1,0,18,1,Thursday
billkimler,2025-11-13 18:34:26+00:00,14,1,0,18,1,Thursday
presseportal_pol_NDS,2025-11-13 18:34:26+00:00,442,0,0,18,0,Thursday
Benigno_Angelini72,2025-11-13 18:34:27+00:00,30,2,0,18,2,Thursday
presseportal_pol_NDS,2025-11-13 18:34:26+00:00,438,0,0,18,0,Thursday
TheMotleyFool,2025-11-13 17:15:41+00:00,190,0,0,17,0,Thursday
groningen,2025-11-13 18:34:25+00:00,291,0,0,18,0,Thursday
meissda,2025-11-13 18:34:26+00:00,163,0,0,18,0,Thursday
EroBookSaleNavi,2025-11-13 18:34:26+00:00,92,0,0,18,0,Thursday
acarsdrama,2025-11-13 18:32:02+00:00,217,0,0,18,0,Thursday
eldiarioes,2025-11-13 14:26:22+00:00,10997,0,0,14,0,Thursday
fansided,2025-11-13 17:00:04+00:00,266,1,0,17,1,Thursday
EdTittel,2025-11-13 18:34:24+00:00,96,0,0,18,0,Thursday
tekhedd,2025-11-13 18:34:23+00:00,207,0,0,18,0,Thursday
eldiarioes,2025-11-13 14:27:50+00:00,2235,0,0,14,0,Thursday
AaronDavid,2025-11-13 18:34:23+00:00,513,1,0,18,1,Thursday
eldiarioes,2025-11-13 14:30:15+00:00,2853,0,0,14,0,Thursday
TheMotleyFool,2025-11-13 17:15:40+00:00,198,0,0,17,0,Thursday
TheMotleyFool,2025-11-13 17:04:08+00:00,194,0,0,17,0,Thursday
GalacticJew,2025-11-13 18:34:17+00:00,6,1,0,18,1,Thursday
mittall,2025-11-13 18:34:20+00:00,499,0,0,18,0,Thursday
TechNewsAR,2025-11-13 18:34:19+00:00,488,0,0,18,0,Thursday
openonline,2025-11-13 18:34:18+00:00,344,0,0,18,0,Thursday
scheme,2025-11-13 18:34:18+00:00,257,0,0,18,0,Thursday
taz,2025-11-13 18:17:00+00:00,190,0,0,18,0,Thursday
jdv_groove,2025-11-13 18:34:17+00:00,89,0,0,18,0,Thursday
AndrewPeacock,2025-11-13 18:34:16+00:00,121,0,0,18,0,Thursday
dvrzan,2025-11-13 18:34:15+00:00,277,0,0,18,0,Thursday
TheMotleyFool,2025-11-13 17:15:01+00:00,194,0,0,17,0,Thursday
evrenselgzt,2025-11-13 18:34:15+00:00,271,1,0,18,1,Thursday
GazaMartyrs,2025-11-13 18:34:02+00:00,98,1,0,18,1,Thursday
Poder360,2025-11-13 17:37:23+00:00,202,1,0,17,1,Thursday
pedrosiilvestree,2025-11-13 18:19:05+00:00,128,0,0,18,0,Thursday
mlb,2025-11-13 18:34:08+00:00,507,1,0,18,1,Thursday
risahana,2025-11-13 18:34:14+00:00,19,0,0,18,0,Thursday
eldiarioes,2025-11-13 14:51:08+00:00,3025,0,0,14,0,Thursday
walknews,2025-11-13 18:34:11+00:00,71,0,0,18,0,Thursday
vivere,2025-11-13 18:34:13+00:00,137,0,0,18,0,Thursday
miamidolphins,2025-11-13 18:34:05+00:00,274,3,0,18,3,Thursday
oneradlatina,2025-11-13 18:19:02+00:00,243,0,0,18,0,Thursday
TheHindu,2025-11-13 17:33:53+00:00,340,1,0,17,1,Thursday
tetaneutral_net,2025-11-13 18:34:10+00:00,132,0,0,18,0,Thursday
CTVNews,2025-11-13 17:35:41+00:00,269,1,0,17,1,Thursday
nba,2025-11-13 18:34:05+00:00,226,1,0,18,1,Thursday
AtlasFC,2025-11-13 18:33:41+00:00,251,0,0,18,0,Thursday
IkkleGemzUniverse,2025-11-13 18:34:10+00:00,38,0,0,18,0,Thursday
nhl,2025-11-13 18:34:05+00:00,159,1,0,18,1,Thursday
HoodieRamey,2025-11-13 18:33:10+00:00,29,0,0,18,0,Thursday
technews,2025-11-13 18:34:01+00:00,495,4,0,18,4,Thursday
rawchili,2025-11-13 18:34:04+00:00,397,1,0,18,1,Thursday
lukesawhook,2025-11-13 18:32:39+00:00,82,0,0,18,0,Thursday
OscarMClick_RELOADED,2025-11-13 18:34:08+00:00,46,0,0,18,0,Thursday
zolaris,2025-11-13 18:34:07+00:00,41,0,0,18,0,Thursday
brfootball,2025-11-13 18:30:53+00:00,80,0,0,18,0,Thursday
moezine,2025-11-13 18:34:05+00:00,273,0,0,18,0,Thursday
VancouverSun,2025-11-13 17:40:19+00:00,250,1,0,17,1,Thursday
gulfchannels,2025-11-13 18:34:05+00:00,137,0,0,18,0,Thursday
fansided,2025-11-13 14:00:06+00:00,300,1,0,14,1,Thursday
welt,2025-11-13 18:23:52+00:00,363,0,0,18,0,Thursday
usa,2025-11-13 17:40:00+00:00,239,0,0,17,0,Thursday
Ombreiste,2025-11-13 18:34:05+00:00,269,0,0,18,0,Thursday
krimloggen,2025-11-13 18:34:06+00:00,336,0,0,18,0,Thursday
ratp_ligne_3,2025-11-13 18:34:06+00:00,137,0,0,18,0,Thursday
life,2025-11-13 18:34:04+00:00,124,0,0,18,0,Thursday
bocvip,2025-11-13 18:34:04+00:00,191,1,0,18,1,Thursday
eldiarioes,2025-11-13 15:11:23+00:00,2862,0,0,15,0,Thursday
atsophies2_0reloaded,2025-11-13 18:34:04+00:00,76,0,0,18,0,Thursday
kolchak,2025-11-13 18:18:54+00:00,146,0,0,18,0,Thursday
radicalrobit,2025-11-13 18:34:04+00:00,138,1,0,18,1,Thursday
FOS,2025-11-13 18:33:00+00:00,286,0,0,18,0,Thursday
decimo,2025-11-13 18:34:03+00:00,82,1,0,18,1,Thursday
TheMotleyFool,2025-11-13 17:03:42+00:00,200,0,0,17,0,Thursday
LeHuffpost,2025-11-13 11:21:37+00:00,347,1,0,11,1,Thursday
TransportOnline,2025-11-13 18:34:00+00:00,145,0,0,18,0,Thursday
lanticapitaliste.org,2025-11-13 18:34:01+00:00,394,0,0,18,0,Thursday
KellyCrandall,2025-11-13 18:31:24+00:00,304,0,0,18,0,Thursday
www.eschatonblog.com,2025-11-13 18:34:01+00:00,124,0,0,18,0,Thursday
www.eschatonblog.com,2025-11-13 18:34:01+00:00,78,0,0,18,0,Thursday
www.eschatonblog.com,2025-11-13 18:34:01+00:00,85,0,0,18,0,Thursday
bsky.app.profile.merip.bsky.social,2025-11-13 18:34:00+00:00,301,0,0,18,0,Thursday
YahooNewsBot,2025-11-13 18:33:59+00:00,66,0,0,18,0,Thursday
xgranade,2025-11-13 18:33:56+00:00,393,0,0,18,0,Thursday
genista,2025-11-13 18:33:57+00:00,388,1,0,18,1,Thursday
50years_music,2025-11-13 18:33:56+00:00,0,0,0,18,0,Thursday
FantasyProsNFL,2025-11-13 18:33:42+00:00,146,0,0,18,0,Thursday
eldiarioes,2025-11-13 15:34:35+00:00,9250,0,0,15,0,Thursday
FantasyProsNFL,2025-11-13 18:32:12+00:00,129,0,0,18,0,Thursday
bauhausmensch,2025-11-13 18:33:58+00:00,68,0,0,18,0,Thursday
RandomObservations,2025-11-13 18:33:58+00:00,190,1,0,18,1,Thursday
FantasyProsNFL,2025-11-13 18:31:32+00:00,124,0,0,18,0,Thursday
FantasyProsNFL,2025-11-13 18:30:13+00:00,117,0,0,18,0,Thursday
QudsNen,2025-11-13 18:33:42+00:00,240,0,0,18,0,Thursday
Phocidae_,2025-11-13 18:33:58+00:00,36,0,0,18,0,Thursday
vf,2025-11-13 18:33:58+00:00,223,0,0,18,0,Thursday
TheHindu,2025-11-13 17:32:55+00:00,296,1,0,17,1,Thursday
nullagent,2025-11-13 18:33:43+00:00,140,2,1,18,3,Thursday
Poder360,2025-11-13 17:31:45+00:00,205,1,0,17,1,Thursday
Milen54,2025-11-13 18:33:55+00:00,0,0,0,18,0,Thursday
iDNEScz,2025-11-13 18:33:55+00:00,373,0,0,18,0,Thursday
isukun,2025-11-13 18:33:54+00:00,278,0,0,18,0,Thursday
blt,2025-11-13 18:33:53+00:00,124,0,0,18,0,Thursday
matematico314,2025-11-13 18:33:54+00:00,430,0,0,18,0,Thursday
usa_east,2025-11-13 18:31:02+00:00,140,0,0,18,0,Thursday
awfulannouncing,2025-11-13 18:32:19+00:00,106,0,0,18,0,Thursday
NHLFlames,2025-11-13 18:31:27+00:00,168,0,0,18,0,Thursday
walsonde,2025-11-13 18:33:53+00:00,348,0,0,18,0,Thursday
OfficialPDC,2025-11-13 18:30:00+00:00,186,0,0,18,0,Thursday
eldiarioes,2025-11-13 15:38:19+00:00,2769,0,0,15,0,Thursday
aburtch,2025-11-13 18:33:51+00:00,213,1,0,18,1,Thursday
BlackPressMedia,2025-11-13 16:25:00+00:00,238,0,0,16,0,Thursday
IcarusGames,2025-11-13 18:33:51+00:00,234,0,0,18,0,Thursday
syrinx20XX,2025-11-13 18:33:51+00:00,50,0,0,18,0,Thursday
Hoodline,2025-11-13 17:43:30+00:00,331,1,0,17,1,Thursday
tallskinnyben,2025-11-13 18:18:37+00:00,191,0,0,18,0,Thursday
rationalreviewnewsdigest,2025-11-13 18:33:49+00:00,101,0,0,18,0,Thursday
wdlindsy,2025-11-13 18:33:48+00:00,425,0,0,18,0,Thursday
dripping1911,2025-11-13 18:33:49+00:00,146,0,0,18,0,Thursday
risahana,2025-11-13 18:33:49+00:00,20,0,0,18,0,Thursday
iembot_wpc,2025-11-13 18:33:49+00:00,306,0,0,18,0,Thursday
Korallenherz,2025-11-13 18:33:47+00:00,83,0,0,18,0,Thursday
valthonis,2025-11-13 18:33:49+00:00,155,0,0,18,0,Thursday
BigJackBrass,2025-11-13 18:33:46+00:00,582,0,0,18,0,Thursday
Winki,2025-11-13 18:33:48+00:00,363,0,0,18,0,Thursday
HailSatan,2025-11-13 18:33:45+00:00,99,0,0,18,0,Thursday
BlackPressMedia,2025-11-13 16:00:00+00:00,265,0,0,16,0,Thursday
VancouverSun,2025-11-13 17:30:05+00:00,292,1,0,17,1,Thursday
ggrant,2025-11-13 18:33:46+00:00,207,0,0,18,0,Thursday
Rania,2025-11-13 18:33:45+00:00,379,2,0,18,2,Thursday
svenno10,2025-11-13 18:33:45+00:00,159,0,0,18,0,Thursday
roguemusiclab,2025-11-13 18:33:44+00:00,284,2,1,18,3,Thursday
eldiarioes,2025-11-13 15:42:07+00:00,3148,0,0,15,0,Thursday
jayguevara82,2025-11-13 18:33:45+00:00,153,1,0,18,1,Thursday
rochelimit,2025-11-13 18:33:42+00:00,512,0,0,18,0,Thursday
Pjcoyle,2025-11-13 18:32:47+00:00,225,0,0,18,0,Thursday
thejerusalem_post,2025-11-13 18:18:35+00:00,170,0,0,18,0,Thursday
fansided,2025-11-13 17:00:06+00:00,283,1,0,17,1,Thursday
BlackPressMedia,2025-11-13 16:25:00+00:00,244,0,0,16,0,Thursday
TheMotleyFool,2025-11-13 17:01:50+00:00,192,0,0,17,0,Thursday
BlackPressMedia,2025-11-13 16:00:00+00:00,252,0,0,16,0,Thursday
emsc,2025-11-13 18:33:40+00:00,119,0,0,18,0,Thursday
polbegov,2025-11-13 18:33:41+00:00,76,0,0,18,0,Thursday
iROZHLAScz,2025-11-13 18:33:38+00:00,372,0,0,18,0,Thursday
eldiarioes,2025-11-13 15:46:04+00:00,1712,0,0,15,0,Thursday
akrabu,2025-11-13 18:33:40+00:00,194,0,0,18,0,Thursday
BlackPressMedia,2025-11-13 15:30:00+00:00,289,0,0,15,0,Thursday
SeznamZpravy,2025-11-13 18:33:36+00:00,272,0,0,18,0,Thursday
TheMotleyFool,2025-11-13 17:20:39+00:00,192,0,0,17,0,Thursday
ivomirko,2025-11-13 18:33:37+00:00,82,0,0,18,0,Thursday
BlackPressMedia,2025-11-13 15:15:00+00:00,286,0,0,15,0,Thursday
eldiarioes,2025-11-13 12:36:14+00:00,6194,0,0,12,0,Thursday
TechRadar,2025-11-13 17:11:41+00:00,439,1,0,17,1,Thursday
gnss_changes,2025-11-13 18:33:34+00:00,61,0,0,18,0,Thursday
risahana,2025-11-13 18:33:35+00:00,9,0,0,18,0,Thursday
SecProc,2025-11-13 18:33:35+00:00,491,0,0,18,0,Thursday
Kill2BlooD,2025-11-13 18:33:33+00:00,3,2,0,18,2,Thursday
jaj0_0,2025-11-13 18:33:31+00:00,8,0,0,18,0,Thursday
TheWrap,2025-11-13 17:33:31+00:00,255,0,0,17,0,Thursday
technokrat,2025-11-13 18:33:33+00:00,90,0,0,18,0,Thursday
eldiarioes,2025-11-13 15:52:00+00:00,6172,0,0,15,0,Thursday
GlacierMedia,2025-11-12 15:00:00+00:00,244,0,0,15,0,Wednesday
BlackPressMedia,2025-11-13 16:00:00+00:00,226,0,0,16,0,Thursday
Poder360,2025-11-13 17:25:32+00:00,206,1,0,17,1,Thursday
scarlett,2025-11-13 18:33:32+00:00,332,0,0,18,0,Thursday
futurebird,2025-11-13 18:33:26+00:00,463,1,0,18,1,Thursday
alina,2025-11-13 18:33:26+00:00,83,0,0,18,0,Thursday
stacey_campbell,2025-11-13 18:33:30+00:00,198,0,0,18,0,Thursday
jadevol,2025-11-13 18:33:29+00:00,0,0,0,18,0,Thursday
Zdopravy,2025-11-13 18:33:29+00:00,180,0,0,18,0,Thursday
huffingtonpost,2025-11-13 17:39:45+00:00,290,0,0,17,0,Thursday
bireeves95,2025-11-13 18:18:16+00:00,38,0,0,18,0,Thursday
PhoenixSerenity,2025-11-13 18:33:29+00:00,1172,3,0,18,3,Thursday
ophiderom,2025-11-13 18:33:28+00:00,283,0,0,18,0,Thursday
roadfmsong,2025-11-13 18:33:28+00:00,130,0,0,18,0,Thursday
BlackPressMedia,2025-11-13 06:28:00+00:00,264,0,0,6,0,Thursday
EroBookSaleNavi,2025-11-13 18:33:26+00:00,82,0,0,18,0,Thursday
seite,2025-11-13 18:33:17+00:00,582,1,0,18,1,Thursday
kofanchen,2025-11-13 18:33:23+00:00,294,0,0,18,0,Thursday
TheMotleyFool,2025-11-13 17:19:46+00:00,194,0,0,17,0,Thursday
90min_DE,2025-11-13 14:39:17+00:00,174,0,0,14,0,Thursday
roadfmsong,2025-11-13 18:33:27+00:00,134,0,0,18,0,Thursday
PaulThomasPhotos,2025-11-13 18:33:24+00:00,186,0,0,18,0,Thursday
jamisonhensley,2025-11-13 18:32:14+00:00,199,1,0,18,1,Thursday
salvomic,2025-11-13 17:35:51+00:00,161,1,0,17,1,Thursday
uraeka,2025-11-13 18:33:25+00:00,280,0,0,18,0,Thursday
JHopkinsSD,2025-11-13 18:32:19+00:00,85,0,0,18,0,Thursday
cartorum,2025-11-13 18:33:25+00:00,184,1,0,18,1,Thursday
risahana,2025-11-13 18:33:25+00:00,13,0,0,18,0,Thursday
90min,2025-11-13 16:33:09+00:00,327,0,0,16,0,Thursday
eldiarioes,2025-11-13 16:00:46+00:00,3164,0,0,16,0,Thursday
wdlindsy,2025-11-13 18:33:21+00:00,523,7,3,18,10,Thursday
HoustonRockets,2025-11-13 18:32:05+00:00,195,0,0,18,0,Thursday
shayman,2025-11-13 18:33:21+00:00,368,1,0,18,1,Thursday
aviewfrommyseat,2025-11-13 18:33:22+00:00,480,1,0,18,1,Thursday
90min_DE,2025-11-13 14:28:08+00:00,234,0,0,14,0,Thursday
TheMotleyFool,2025-11-13 17:18:51+00:00,188,0,0,17,0,Thursday
fansided,2025-11-13 16:20:48+00:00,278,0,0,16,0,Thursday
BlackPressMedia,2025-11-13 16:00:00+00:00,283,0,0,16,0,Thursday
iembot_gyx,2025-11-13 18:33:21+00:00,536,0,0,18,0,Thursday
svenno10,2025-11-13 18:33:19+00:00,165,1,1,18,2,Thursday
piko,2025-11-13 18:33:19+00:00,96,0,0,18,0,Thursday
atptour,2025-11-13 18:32:01+00:00,130,0,0,18,0,Thursday
publicloyalty,2025-11-13 18:18:08+00:00,130,0,0,18,0,Thursday
droolingrn,2025-11-13 18:33:19+00:00,15,0,0,18,0,Thursday
Avalanche,2025-11-13 18:32:33+00:00,32,0,0,18,0,Thursday
acarsdrama,2025-11-13 18:31:01+00:00,140,0,0,18,0,Thursday
ukrdef,2025-11-13 18:33:19+00:00,286,0,0,18,0,Thursday
HRGL89,2025-11-13 18:33:18+00:00,195,0,0,18,0,Thursday
Lemmy123,2025-11-13 18:33:18+00:00,187,0,0,18,0,Thursday
schaumburgernachrichten,2025-11-13 18:33:17+00:00,327,0,0,18,0,Thursday
eldiarioes,2025-11-13 16:08:00+00:00,4149,0,0,16,0,Thursday
BlackPressMedia,2025-11-13 16:00:00+00:00,289,0,0,16,0,Thursday
TheMotleyFool,2025-11-13 17:00:49+00:00,271,0,0,17,0,Thursday
Hoodline,2025-11-13 17:40:26+00:00,348,1,0,17,1,Thursday
TheMotleyFool,2025-11-13 17:17:41+00:00,194,0,0,17,0,Thursday
jornalpublicobot,2025-11-13 18:33:17+00:00,323,0,0,18,0,Thursday
Aspiedan,2025-11-13 18:33:15+00:00,250,2,0,18,2,Thursday
MDoficial,2025-11-13 17:07:04+00:00,252,0,0,17,0,Thursday
risahana,2025-11-13 18:33:14+00:00,11,0,0,18,0,Thursday
medizinphysiker,2025-11-13 18:33:14+00:00,149,0,0,18,0,Thursday
life,2025-11-13 18:33:12+00:00,143,0,0,18,0,Thursday
newsyc200,2025-11-13 18:33:14+00:00,228,0,0,18,0,Thursday
nba,2025-11-13 18:33:09+00:00,243,2,0,18,2,Thursday
nhl,2025-11-13 18:33:06+00:00,195,1,0,18,1,Thursday
LunaBytesBack,2025-11-13 18:33:13+00:00,409,0,0,18,0,Thursday
mlb,2025-11-13 18:33:06+00:00,174,1,0,18,1,Thursday
savingcontent,2025-11-13 18:33:12+00:00,157,0,0,18,0,Thursday
angelospics,2025-11-13 18:33:10+00:00,137,1,0,18,1,Thursday
salvomic,2025-11-13 17:35:27+00:00,161,1,0,17,1,Thursday
scrapimmortal,2025-11-13 18:33:11+00:00,144,1,0,18,1,Thursday
buffalobills,2025-11-13 18:33:05+00:00,226,2,0,18,2,Thursday
iChris,2025-11-13 18:32:28+00:00,123,0,0,18,0,Thursday
bitartbot,2025-11-13 18:33:06+00:00,120,0,0,18,0,Thursday
rawchili,2025-11-13 18:33:05+00:00,232,1,0,18,1,Thursday
pussreboots,2025-11-13 18:33:09+00:00,201,0,0,18,0,Thursday
walknews,2025-11-13 18:33:07+00:00,70,0,0,18,0,Thursday
vivizine,2025-11-13 18:33:06+00:00,140,0,0,18,0,Thursday
ineffable_bot,2025-11-13 18:33:05+00:00,72,0,0,18,0,Thursday
videos,2025-11-13 18:33:05+00:00,221,0,0,18,0,Thursday
alojapan,2025-11-13 18:33:05+00:00,497,1,0,18,1,Thursday
iembot_mtr,2025-11-13 18:33:07+00:00,181,0,0,18,0,Thursday
AptTherapy,2025-11-13 17:30:00+00:00,267,1,0,17,1,Thursday
azett,2025-11-13 18:33:04+00:00,129,0,0,18,0,Thursday
Phocidae_,2025-11-13 18:33:04+00:00,10,0,0,18,0,Thursday
neil,2025-11-13 18:32:47+00:00,192,2,0,18,2,Thursday
Zuginfo_Koeln,2025-11-13 18:33:04+00:00,378,0,0,18,0,Thursday
ptkorea,2025-11-13 18:33:03+00:00,134,0,0,18,0,Thursday
angelalluna,2025-11-13 18:33:03+00:00,35,0,0,18,0,Thursday
foufoutos,2025-11-13 18:32:59+00:00,51,0,0,18,0,Thursday
guiadeti,2025-11-13 18:33:01+00:00,287,0,0,18,0,Thursday
techradar,2025-11-13 18:33:02+00:00,133,0,0,18,0,Thursday
bluecorncrust,2025-11-13 18:33:02+00:00,222,0,0,18,0,Thursday
tass,2025-11-13 18:33:01+00:00,95,1,0,18,1,Thursday
247Sports,2025-11-13 17:40:00+00:00,411,1,0,17,1,Thursday
Benigno_Angelini72,2025-11-13 18:33:01+00:00,36,1,0,18,1,Thursday
iembot_gyx,2025-11-13 18:33:01+00:00,141,0,0,18,0,Thursday
eldiarioes,2025-11-13 16:37:10+00:00,3061,0,0,16,0,Thursday
TheMotleyFool,2025-11-13 17:00:44+00:00,198,0,0,17,0,Thursday
RNDAudience,2025-11-13 17:39:07+00:00,317,2,0,17,2,Thursday
eldiarioes,2025-11-13 16:09:55+00:00,9280,0,0,16,0,Thursday
jrr,2025-11-13 18:32:58+00:00,41,0,0,18,0,Thursday
robwighamwatercolours,2025-11-13 18:32:58+00:00,419,1,0,18,1,Thursday
nin,2025-11-13 18:32:59+00:00,33,0,0,18,0,Thursday
indieauthornews,2025-11-13 18:32:56+00:00,316,0,0,18,0,Thursday
pedrosiilvestree,2025-11-13 18:17:48+00:00,186,0,0,18,0,Thursday
Arsene,2025-11-13 18:32:56+00:00,118,0,0,18,0,Thursday
neurovagrant,2025-11-13 18:32:53+00:00,266,1,0,18,1,Thursday
BritishVogue,2025-11-13 17:33:15+00:00,189,0,0,17,0,Thursday
jeromeollier,2025-11-13 18:32:55+00:00,204,0,0,18,0,Thursday
spravy_rtvs,2025-11-13 18:32:54+00:00,350,0,0,18,0,Thursday
SilverYang,2025-11-13 18:32:53+00:00,37,0,0,18,0,Thursday
mobilesyrup,2025-11-13 17:42:41+00:00,254,1,0,17,1,Thursday
MLBNetwork,2025-11-13 18:32:00+00:00,106,0,0,18,0,Thursday
fullcleared,2025-11-13 18:32:54+00:00,187,0,0,18,0,Thursday
joby,2025-11-13 18:32:54+00:00,368,0,0,18,0,Thursday
Kahte,2025-11-13 18:32:53+00:00,38,0,0,18,0,Thursday
GalaDigital,2025-11-13 17:28:00+00:00,241,0,0,17,0,Thursday
cordopolis.es,2025-11-13 18:32:45+00:00,167,0,0,18,0,Thursday
MartinJBreen,2025-11-13 18:32:52+00:00,209,0,0,18,0,Thursday
eldiarioes,2025-11-13 16:38:16+00:00,5305,0,0,16,0,Thursday
willianmax,2025-11-13 18:17:40+00:00,92,0,0,18,0,Thursday
Digitalmehmet,2025-11-13 17:09:26+00:00,265,0,0,17,0,Thursday
LeFigaro,2025-11-13 17:26:23+00:00,283,0,0,17,0,Thursday
BlackPressMedia,2025-11-13 15:00:00+00:00,277,0,0,15,0,Thursday
majorlinux,2025-11-13 18:32:47+00:00,49,0,0,18,0,Thursday
astrove,2025-11-13 18:32:44+00:00,206,0,0,18,0,Thursday
KeithSmithNBA,2025-11-13 18:31:15+00:00,303,0,0,18,0,Thursday
willi,2025-11-13 18:32:50+00:00,100,0,0,18,0,Thursday
malcontato,2025-11-13 18:32:49+00:00,61,0,0,18,0,Thursday
women,2025-11-13 18:32:43+00:00,61,0,1,18,1,Thursday
FulhamFC,2025-11-13 18:30:00+00:00,91,0,0,18,0,Thursday
wouldyouratherfight,2025-11-13 18:32:48+00:00,136,0,0,18,0,Thursday
britandco,2025-11-13 17:07:28+00:00,220,1,0,17,1,Thursday
novasport_cz,2025-11-13 18:32:48+00:00,144,0,0,18,0,Thursday
usa_east,2025-11-13 18:29:03+00:00,211,0,0,18,0,Thursday
F1,2025-11-13 18:31:00+00:00,105,0,0,18,0,Thursday
anchore,2025-11-13 18:32:45+00:00,469,0,0,18,0,Thursday
TheHindu,2025-11-13 17:34:19+00:00,260,3,0,17,3,Thursday
eldiarioes,2025-11-13 16:51:28+00:00,3252,0,0,16,0,Thursday
koh_twt02,2025-11-13 18:32:45+00:00,3,0,0,18,0,Thursday
France3Regions,2025-11-13 17:34:36+00:00,459,1,0,17,1,Thursday
fansided,2025-11-13 15:43:57+00:00,281,0,0,15,0,Thursday
dario,2025-11-13 18:32:44+00:00,296,0,0,18,0,Thursday
TechNewsAR,2025-11-13 18:32:44+00:00,497,0,0,18,0,Thursday
amyers4546,2025-11-13 18:17:35+00:00,59,0,0,18,0,Thursday
miah,2025-11-13 18:32:43+00:00,62,0,0,18,0,Thursday
BritishVogue,2025-11-13 17:30:43+00:00,231,0,0,17,0,Thursday
angelospics,2025-11-13 18:32:42+00:00,137,1,0,18,1,Thursday
DerSpiegel,2025-11-13 17:36:00+00:00,273,1,0,17,1,Thursday
Patch,2025-11-13 16:52:19+00:00,278,0,0,16,0,Thursday
david,2025-11-13 18:32:40+00:00,0,0,0,18,0,Thursday
pedrosiilvestree,2025-11-13 18:17:33+00:00,161,0,0,18,0,Thursday
bahnoev,2025-11-13 18:32:42+00:00,387,4,0,18,4,Thursday
risahana,2025-11-13 18:32:42+00:00,25,0,0,18,0,Thursday
Yardbarker,2025-11-13 17:36:58+00:00,310,0,0,17,0,Thursday
Phocidae_,2025-11-13 18:32:41+00:00,5,0,0,18,0,Thursday
briellebouquet,2025-11-13 18:32:39+00:00,45,1,0,18,1,Thursday
Yardbarker,2025-11-13 17:40:13+00:00,296,0,0,17,0,Thursday
shantini,2025-11-13 18:32:41+00:00,283,4,0,18,4,Thursday
cordopolis.es,2025-11-13 18:32:33+00:00,152,0,0,18,0,Thursday
NoiseBox,2025-11-13 18:32:38+00:00,18,0,0,18,0,Thursday
eldiarioes,2025-11-13 17:30:53+00:00,3760,0,0,17,0,Thursday
blogoklahoma,2025-11-13 18:17:31+00:00,196,0,0,18,0,Thursday
bycnews_bot,2025-11-13 18:32:38+00:00,115,0,0,18,0,Thursday
renrenn,2025-11-13 18:32:38+00:00,66,0,0,18,0,Thursday
franckraisch,2025-11-13 18:32:38+00:00,80,1,1,18,2,Thursday
mitvorteil,2025-11-13 18:32:32+00:00,306,0,0,18,0,Thursday
MLivecom,2025-11-13 17:28:38+00:00,342,0,0,17,0,Thursday
The14,2025-11-13 18:32:38+00:00,294,0,0,18,0,Thursday
9to5google,2025-11-13 16:29:42+00:00,259,1,0,16,1,Thursday
TheHindu,2025-11-13 17:31:25+00:00,313,3,0,17,3,Thursday
Yardbarker,2025-11-13 17:40:07+00:00,256,0,0,17,0,Thursday
DadaVidalo,2025-11-13 18:32:35+00:00,351,4,0,18,4,Thursday
dangervest_bot,2025-11-13 18:32:37+00:00,86,0,0,18,0,Thursday
jackemled,2025-11-13 18:32:35+00:00,239,0,0,18,0,Thursday
PeterRu,2025-11-13 18:32:28+00:00,433,0,0,18,0,Thursday
eldiarioes,2025-11-13 17:33:28+00:00,12037,0,0,17,0,Thursday
suzisteffen,2025-11-13 18:32:22+00:00,61,0,0,18,0,Thursday
CBRcom,2025-11-13 17:37:51+00:00,202,1,0,17,1,Thursday
warriors,2025-11-13 18:30:00+00:00,28,0,0,18,0,Thursday
PartiIndigenes,2025-11-13 18:32:31+00:00,355,0,0,18,0,Thursday
rota32.astrologia,2025-11-13 18:17:20+00:00,304,0,0,18,0,Thursday
xgerman,2025-11-13 18:32:31+00:00,90,0,0,18,0,Thursday
packers,2025-11-13 18:30:00+00:00,66,0,0,18,0,Thursday
lactualite,2025-11-13 18:32:29+00:00,396,0,0,18,0,Thursday
women,2025-11-13 18:32:17+00:00,61,0,0,18,0,Thursday
SickosCommittee,2025-11-13 18:31:15+00:00,150,0,0,18,0,Thursday
mondstern,2025-11-13 18:32:28+00:00,82,0,0,18,0,Thursday
NHLPR,2025-11-13 18:30:00+00:00,226,0,0,18,0,Thursday
TouchlineX,2025-11-13 18:30:28+00:00,230,0,0,18,0,Thursday
eldiarioes,2025-11-13 18:00:38+00:00,4545,0,0,18,0,Thursday
TouchlineX,2025-11-13 18:30:29+00:00,77,0,0,18,0,Thursday
nofunoverlord,2025-11-13 18:32:27+00:00,20,0,0,18,0,Thursday
TorontoLife2019,2025-11-13 17:43:43+00:00,271,0,0,17,0,Thursday
anissane_mast,2025-11-13 18:32:26+00:00,217,0,0,18,0,Thursday
jessikatme,2025-11-13 18:32:15+00:00,93,0,0,18,0,Thursday
EroBookSaleNavi,2025-11-13 18:32:26+00:00,73,0,0,18,0,Thursday
rogue_corq,2025-11-13 18:32:25+00:00,127,1,0,18,1,Thursday
SiLVER01,2025-11-13 18:32:20+00:00,73,0,0,18,0,Thursday
IlSole24Ore,2025-11-13 17:33:59+00:00,300,0,0,17,0,Thursday
rogue_corq,2025-11-13 18:32:22+00:00,183,1,0,18,1,Thursday
women,2025-11-13 18:32:09+00:00,61,0,0,18,0,Thursday
MDoficial,2025-11-13 17:03:42+00:00,306,0,0,17,0,Thursday
nerdist,2025-11-13 18:17:11+00:00,218,0,0,18,0,Thursday
jdv_dance,2025-11-13 18:32:22+00:00,70,0,0,18,0,Thursday
mat,2025-11-13 18:32:20+00:00,134,0,0,18,0,Thursday
axios,2025-11-13 18:16:06+00:00,150,1,0,18,1,Thursday
uploadvr,2025-11-13 18:17:08+00:00,254,0,0,18,0,Thursday
rogue_corq,2025-11-13 18:32:19+00:00,147,0,0,18,0,Thursday
Barca_Buzz,2025-11-13 18:31:25+00:00,93,0,0,18,0,Thursday
protestation,2025-11-13 18:28:12+00:00,92,0,0,18,0,Thursday
mistakenotmy,2025-11-13 18:17:09+00:00,302,0,0,18,0,Thursday
Yardbarker,2025-11-13 17:34:43+00:00,311,0,0,17,0,Thursday
deckronomicon,2025-11-13 18:32:17+00:00,245,0,0,18,0,Thursday
nhl,2025-11-13 18:32:08+00:00,149,1,0,18,1,Thursday
berria,2025-11-13 18:32:19+00:00,291,0,0,18,0,Thursday
jdv_groove,2025-11-13 18:32:17+00:00,65,0,0,18,0,Thursday
TheMotleyFool,2025-11-13 17:09:43+00:00,198,0,0,17,0,Thursday
MusiqueNow,2025-11-13 18:32:18+00:00,88,0,0,18,0,Thursday
NunlRSS,2025-11-13 18:32:16+00:00,458,0,0,18,0,Thursday
northernkender,2025-11-13 18:32:17+00:00,286,2,0,18,2,Thursday
eldiarioes,2025-11-13 18:06:54+00:00,5504,0,0,18,0,Thursday
habr,2025-11-13 18:32:17+00:00,444,1,0,18,1,Thursday
AAKL,2025-11-13 18:32:17+00:00,583,0,0,18,0,Thursday
Yardbarker,2025-11-13 17:31:14+00:00,308,0,0,17,0,Thursday
NatalieDavis,2025-11-13 18:32:14+00:00,218,1,0,18,1,Thursday
octade,2025-11-13 18:32:11+00:00,225,0,0,18,0,Thursday
GoldenKnights,2025-11-13 18:31:39+00:00,325,0,0,18,0,Thursday
chemoelectric,2025-11-13 18:32:14+00:00,390,0,0,18,0,Thursday
TheMotleyFool,2025-11-13 17:08:43+00:00,190,0,0,17,0,Thursday
fastcheck,2025-11-13 18:32:13+00:00,218,0,0,18,0,Thursday
VSNSocialJustice,2025-11-13 18:32:14+00:00,218,1,0,18,1,Thursday
torontotv,2025-11-13 18:31:56+00:00,763,1,0,18,1,Thursday
Fanbot,2025-11-13 18:32:13+00:00,160,0,0,18,0,Thursday
Panthers,2025-11-13 18:30:34+00:00,131,0,0,18,0,Thursday
lu9bot,2025-11-13 18:32:10+00:00,0,0,0,18,0,Thursday
acarsdrama,2025-11-13 18:29:02+00:00,211,0,0,18,0,Thursday
metalfan_rssbot,2025-11-13 18:32:12+00:00,110,0,0,18,0,Thursday
MercNews,2025-11-13 17:41:25+00:00,219,0,0,17,0,Thursday
tginsider,2025-11-13 18:32:12+00:00,280,0,0,18,0,Thursday
fxoxo,2025-11-13 18:32:06+00:00,116,1,0,18,1,Thursday
BlackPressMedia,2025-11-13 06:28:00+00:00,271,0,0,6,0,Thursday
michi,2025-11-13 18:32:11+00:00,96,0,0,18,0,Thursday
nflplayoffs,2025-11-13 18:32:06+00:00,416,2,0,18,2,Thursday
elaficionado,2025-11-13 18:32:11+00:00,213,0,0,18,0,Thursday
mlb,2025-11-13 18:32:05+00:00,194,1,0,18,1,Thursday
tag24news,2025-11-13 18:17:01+00:00,311,0,0,18,0,Thursday
infoLibertaire,2025-11-13 18:32:10+00:00,103,0,0,18,0,Thursday
knowtechie,2025-11-13 18:17:04+00:00,192,0,0,18,0,Thursday
nba,2025-11-13 18:32:05+00:00,202,1,0,18,1,Thursday
effinbirds,2025-11-13 18:17:00+00:00,162,0,0,18,0,Thursday
eldiarioes,2025-11-13 18:11:51+00:00,1348,0,0,18,0,Thursday
klord,2025-11-13 18:32:08+00:00,167,0,0,18,0,Thursday
forbes,2025-11-13 17:42:38+00:00,230,1,0,17,1,Thursday
ross,2025-11-13 18:32:07+00:00,480,3,1,18,4,Thursday
aktuality_bot,2025-11-13 18:32:06+00:00,364,0,0,18,0,Thursday
mag,2025-11-13 18:32:05+00:00,120,0,0,18,0,Thursday
tour,2025-11-13 18:32:05+00:00,120,0,0,18,0,Thursday
rawchili,2025-11-13 18:32:05+00:00,175,1,0,18,1,Thursday
risahana,2025-11-13 18:32:07+00:00,10,0,0,18,0,Thursday
bocvip,2025-11-13 18:32:04+00:00,143,0,0,18,0,Thursday
MetrolandMedia,2025-11-13 11:15:00+00:00,374,1,0,11,1,Thursday
NunlRSS,2025-11-13 18:32:05+00:00,458,0,0,18,0,Thursday
girlselfie,2025-11-13 18:32:04+00:00,152,0,0,18,0,Thursday
kpopnsfw,2025-11-13 18:32:05+00:00,141,0,0,18,0,Thursday
BlackPressMedia,2025-11-13 15:30:00+00:00,300,0,0,15,0,Thursday
SerieA_EN,2025-11-13 18:30:00+00:00,34,0,0,18,0,Thursday
nogodsnomasters,2025-11-13 18:32:03+00:00,0,0,0,18,0,Thursday
japan-cambot.bsky.social,2025-11-13 18:31:58+00:00,60,0,0,18,0,Thursday
albertcardona,2025-11-13 18:32:03+00:00,183,0,0,18,0,Thursday
blogoklahoma,2025-11-13 18:16:56+00:00,231,0,0,18,0,Thursday
nidieunimaitre,2025-11-13 18:32:04+00:00,0,0,0,18,0,Thursday
scream,2025-11-13 18:32:02+00:00,17,1,0,18,1,Thursday
ChelseaFCW,2025-11-13 18:31:41+00:00,66,0,0,18,0,Thursday
SilverYang,2025-11-13 18:32:03+00:00,281,1,0,18,1,Thursday
k_ai_data,2025-11-13 18:16:53+00:00,127,0,0,18,0,Thursday
angelalluna,2025-11-13 18:32:04+00:00,48,0,0,18,0,Thursday
gw2updates,2025-11-13 18:32:02+00:00,244,0,0,18,0,Thursday
EveningStandard,2025-11-13 17:35:22+00:00,303,0,0,17,0,Thursday
WFAN660,2025-11-13 18:30:00+00:00,81,0,0,18,0,Thursday
seenshortnews,2025-11-13 18:16:56+00:00,159,0,0,18,0,Thursday
orby_the_bot,2025-11-13 18:32:03+00:00,44,1,0,18,1,Thursday
f1bot,2025-11-13 18:32:03+00:00,205,0,0,18,0,Thursday
Digitalmehmet,2025-11-13 17:06:33+00:00,300,0,0,17,0,Thursday
gw2updates,2025-11-13 18:32:02+00:00,452,0,0,18,0,Thursday
walsonde,2025-11-13 18:31:27+00:00,56,0,0,18,0,Thursday
1053thefan,2025-11-13 18:30:15+00:00,286,0,0,18,0,Thursday
tass,2025-11-13 18:32:02+00:00,116,1,0,18,1,Thursday
helendalibor,2025-11-13 18:32:01+00:00,142,0,0,18,0,Thursday
SILivedotcom,2025-11-13 17:28:25+00:00,287,0,0,17,0,Thursday
Poder360,2025-11-13 17:40:40+00:00,224,1,0,17,1,Thursday
BlackPressMedia,2025-11-13 13:30:00+00:00,292,0,0,13,0,Thursday
iamsydneyshea,2025-11-13 18:16:49+00:00,84,0,0,18,0,Thursday
SujaMd,2025-11-13 17:45:35+00:00,240,0,0,17,0,Thursday
DasGehtGleichWieder,2025-11-13 18:31:50+00:00,566,0,0,18,0,Thursday
525411,2025-11-13 17:00:00+00:00,518,0,0,17,0,Thursday
vanilla_vodka_vaska,2025-11-13 18:16:46+00:00,12,0,0,18,0,Thursday
Nonilex,2025-11-13 18:31:55+00:00,297,6,3,18,9,Thursday
TheStreet,2025-11-13 17:37:00+00:00,252,0,0,17,0,Thursday
MDoficial,2025-11-13 17:27:33+00:00,164,0,0,17,0,Thursday
cwp,2025-11-13 18:31:56+00:00,18,0,0,18,0,Thursday
WWE,2025-11-13 18:30:06+00:00,208,0,0,18,0,Thursday
MetrolandMedia,2025-11-12 23:40:00+00:00,367,1,0,23,1,Wednesday
solaradmin,2025-11-13 18:31:47+00:00,340,2,0,18,2,Thursday
movizark,2025-11-13 18:31:56+00:00,204,0,0,18,0,Thursday
LeHuffpost,2025-11-13 17:30:13+00:00,371,1,0,17,1,Thursday
barbaraj.sobel,2025-11-13 18:16:41+00:00,251,0,0,18,0,Thursday
gnss_changes,2025-11-13 18:31:53+00:00,54,0,0,18,0,Thursday
AutoPapo,2025-11-13 17:00:10+00:00,178,0,0,17,0,Thursday
scaglio,2025-11-13 18:31:54+00:00,167,0,0,18,0,Thursday
Squawka,2025-11-13 18:29:03+00:00,218,0,0,18,0,Thursday
mike,2025-11-13 18:31:51+00:00,406,1,0,18,1,Thursday
schadjoe,2025-11-13 18:31:34+00:00,216,0,0,18,0,Thursday
PewterReport,2025-11-13 18:30:00+00:00,292,0,0,18,0,Thursday
LordWoolamaloo,2025-11-13 18:31:52+00:00,254,2,1,18,3,Thursday
nightlysilence,2025-11-13 18:31:52+00:00,62,0,0,18,0,Thursday
Stratski,2025-11-13 18:31:50+00:00,119,2,0,18,2,Thursday
TheSeattleTimes,2025-11-13 16:53:22+00:00,271,0,0,16,0,Thursday
davey_cakes,2025-11-13 18:31:51+00:00,164,0,0,18,0,Thursday
volcanoviews,2025-11-13 18:31:49+00:00,193,0,0,18,0,Thursday
MDoficial,2025-11-13 17:11:47+00:00,250,0,0,17,0,Thursday
ratp_ligne_2,2025-11-13 18:31:50+00:00,30,0,0,18,0,Thursday
Stern_Digital,2025-11-13 17:41:00+00:00,278,2,0,17,2,Thursday
paulsemel,2025-11-13 18:31:49+00:00,594,3,0,18,3,Thursday
TheWrap,2025-11-13 17:37:06+00:00,302,0,0,17,0,Thursday
LeHuffpost,2025-11-13 17:15:29+00:00,297,1,0,17,1,Thursday
Digitalmehmet,2025-11-13 17:03:54+00:00,246,0,0,17,0,Thursday
spravy_mpm,2025-11-13 18:31:49+00:00,258,0,0,18,0,Thursday
spravy_mpm,2025-11-13 18:31:48+00:00,271,0,0,18,0,Thursday
6v8,2025-11-13 18:31:48+00:00,7,0,0,18,0,Thursday
MilitaryLawTaskForce,2025-11-13 18:31:48+00:00,201,0,0,18,0,Thursday
kite.kagi.com.tech.xml,2025-11-13 18:31:47+00:00,368,0,0,18,0,Thursday
kite.kagi.com.tech.xml,2025-11-13 18:31:47+00:00,384,0,0,18,0,Thursday
kite.kagi.com.tech.xml,2025-11-13 18:31:47+00:00,379,0,0,18,0,Thursday
kite.kagi.com.tech.xml,2025-11-13 18:31:47+00:00,368,0,0,18,0,Thursday
spravy_mpm,2025-11-13 18:31:47+00:00,280,0,0,18,0,Thursday
kite.kagi.com.tech.xml,2025-11-13 18:31:47+00:00,358,0,0,18,0,Thursday
by_jbh,2025-11-13 18:16:34+00:00,189,1,0,18,1,Thursday
kite.kagi.com.tech.xml,2025-11-13 18:31:47+00:00,346,0,0,18,0,Thursday
kite.kagi.com.tech.xml,2025-11-13 18:31:47+00:00,377,0,0,18,0,Thursday
kite.kagi.com.tech.xml,2025-11-13 18:31:47+00:00,369,0,0,18,0,Thursday
kite.kagi.com.tech.xml,2025-11-13 18:31:47+00:00,367,0,0,18,0,Thursday
kite.kagi.com.tech.xml,2025-11-13 18:31:47+00:00,371,0,0,18,0,Thursday
NancyComicsSDF,2025-11-13 18:31:35+00:00,89,0,0,18,0,Thursday
usa_central,2025-11-13 18:28:02+00:00,178,0,0,18,0,Thursday
kite.kagi.com.tech.xml,2025-11-13 18:31:47+00:00,374,0,0,18,0,Thursday
kansasreflector.com,2025-11-13 18:31:46+00:00,467,0,0,18,0,Thursday
kite.kagi.com.tech.xml,2025-11-13 18:31:47+00:00,378,0,0,18,0,Thursday
kansasreflector.com,2025-11-13 18:31:46+00:00,342,0,0,18,0,Thursday
reesecommabill,2025-11-13 18:31:45+00:00,291,0,0,18,0,Thursday
kansasreflector.com,2025-11-13 18:31:46+00:00,455,0,0,18,0,Thursday
elmostrador,2025-11-13 18:31:44+00:00,269,0,0,18,0,Thursday
movizark,2025-11-13 18:31:45+00:00,210,0,0,18,0,Thursday
antiseptich,2025-11-13 18:31:45+00:00,280,0,0,18,0,Thursday
newsuaone,2025-11-13 18:31:44+00:00,147,1,0,18,1,Thursday
warn_act_ca,2025-11-13 18:31:44+00:00,294,0,0,18,0,Thursday
mobileatom,2025-11-13 17:43:39+00:00,221,1,0,17,1,Thursday
Minuta_N,2025-11-13 18:31:42+00:00,266,0,0,18,0,Thursday
tetrapathos,2025-11-13 18:31:43+00:00,56,0,0,18,0,Thursday
jebac,2025-11-13 18:31:41+00:00,38,2,0,18,2,Thursday
BastaBerlin,2025-11-13 18:31:40+00:00,37,0,0,18,0,Thursday
colours,2025-11-13 18:30:02+00:00,26,0,0,18,0,Thursday
ian,2025-11-13 18:31:36+00:00,96,0,0,18,0,Thursday
user.today15,2025-11-13 18:16:30+00:00,102,0,0,18,0,Thursday
news,2025-11-13 18:31:37+00:00,168,0,0,18,0,Thursday
eldiarioes,2025-11-13 16:38:16+00:00,306,0,0,16,0,Thursday
patriotsespanol,2025-11-13 18:31:05+00:00,318,0,0,18,0,Thursday
los40com,2025-11-13 18:31:37+00:00,338,0,0,18,0,Thursday
chosennj,2025-11-13 18:16:25+00:00,323,0,0,18,0,Thursday
NFLonFOX,2025-11-13 18:30:58+00:00,103,0,0,18,0,Thursday
animalofthings.com,2025-11-13 18:21:36+00:00,581,0,0,18,0,Thursday
fendrych_m,2025-11-13 18:31:35+00:00,225,0,0,18,0,Thursday
verminposting,2025-11-13 18:31:35+00:00,103,1,0,18,1,Thursday
enmotakenawa777,2025-11-13 18:16:24+00:00,156,0,0,18,0,Thursday
fireandgrimstone,2025-11-13 18:31:34+00:00,102,0,0,18,0,Thursday
eldesconcierto,2025-11-13 18:31:31+00:00,250,0,0,18,0,Thursday
EdTittel,2025-11-13 18:31:34+00:00,268,0,0,18,0,Thursday
adamparkhomenko,2025-11-13 18:16:10+00:00,124,0,0,18,0,Thursday
Hoodline,2025-11-13 17:37:59+00:00,285,0,0,17,0,Thursday
DerSpiegel,2025-11-13 17:36:00+00:00,284,1,0,17,1,Thursday
warn_act_ca,2025-11-13 18:31:33+00:00,348,0,0,18,0,Thursday
Yardbarker,2025-11-13 17:41:01+00:00,255,0,0,17,0,Thursday
antiseptich,2025-11-13 18:31:30+00:00,280,0,0,18,0,Thursday
pedrosiilvestree,2025-11-13 18:16:21+00:00,257,0,0,18,0,Thursday
forbes,2025-11-13 17:37:57+00:00,286,1,0,17,1,Thursday
blogoklahoma,2025-11-13 18:16:20+00:00,210,0,0,18,0,Thursday
sayhi,2025-11-13 18:31:29+00:00,22,0,0,18,0,Thursday
thenwothm.com,2025-11-13 18:30:00+00:00,6283,0,0,18,0,Thursday
midna,2025-11-13 18:31:29+00:00,149,0,0,18,0,Thursday
movizark,2025-11-13 18:31:28+00:00,321,1,0,18,1,Thursday
mattkressel,2025-11-13 18:31:27+00:00,356,0,0,18,0,Thursday
Hoodline,2025-11-13 17:35:11+00:00,330,0,0,17,0,Thursday
huffingtonpost,2025-11-13 17:32:40+00:00,308,0,0,17,0,Thursday
fansided,2025-11-13 17:29:34+00:00,243,0,0,17,0,Thursday
MDoficial,2025-11-13 16:27:22+00:00,232,0,0,16,0,Thursday
PatMcAfeeShow,2025-11-13 18:30:13+00:00,163,0,0,18,0,Thursday
EroBookSaleNavi,2025-11-13 18:31:26+00:00,156,0,0,18,0,Thursday
shochdoerfer,2025-11-13 18:31:21+00:00,72,0,0,18,0,Thursday
angelospics,2025-11-13 18:31:23+00:00,113,0,0,18,0,Thursday
www.lausanne.ch.apps.actualites,2025-11-13 18:31:24+00:00,247,0,0,18,0,Thursday
bsky.app.profile.michaelhobbes.bsky.social,2025-11-13 18:31:24+00:00,314,0,0,18,0,Thursday
www.lausanne.ch.apps.actualites,2025-11-13 18:31:24+00:00,472,0,0,18,0,Thursday
Hoodline,2025-11-13 17:34:18+00:00,302,0,0,17,0,Thursday
www.lausanne.ch.apps.actualites,2025-11-13 18:31:24+00:00,424,0,0,18,0,Thursday
www.lausanne.ch.apps.actualites,2025-11-13 18:31:24+00:00,364,0,0,18,0,Thursday
www.lausanne.ch.apps.actualites,2025-11-13 18:31:24+00:00,371,0,0,18,0,Thursday
www.lausanne.ch.apps.actualites,2025-11-13 18:31:24+00:00,376,0,0,18,0,Thursday
movizark,2025-11-13 18:31:23+00:00,361,0,0,18,0,Thursday
euronews,2025-11-13 17:41:53+00:00,332,2,0,17,2,Thursday
mgorny,2025-11-13 18:31:17+00:00,78,1,0,18,1,Thursday
warn_act_ca,2025-11-13 18:31:22+00:00,334,0,0,18,0,Thursday
lun.401,2025-11-13 18:16:12+00:00,25,0,0,18,0,Thursday
fansided,2025-11-13 17:00:04+00:00,266,0,0,17,0,Thursday
volkskrant,2025-11-13 18:31:18+00:00,239,0,0,18,0,Thursday
TheOregonian,2025-11-13 17:41:17+00:00,302,0,0,17,0,Thursday
risahana,2025-11-13 18:31:21+00:00,11,0,0,18,0,Thursday
NHLJets,2025-11-13 18:29:31+00:00,70,0,0,18,0,Thursday
KilmarnockFC,2025-11-13 18:30:00+00:00,113,0,0,18,0,Thursday
Barca_Buzz,2025-11-13 18:30:00+00:00,157,0,0,18,0,Thursday
Tagesspiegel,2025-11-13 17:35:12+00:00,348,3,0,17,3,Thursday
mguhlin,2025-11-13 18:31:18+00:00,140,0,0,18,0,Thursday
women,2025-11-13 18:31:02+00:00,61,0,0,18,0,Thursday
www.reddit.com.r.camping,2025-11-13 18:31:19+00:00,104,0,0,18,0,Thursday
TomasHelleberg,2025-11-13 18:31:17+00:00,103,0,0,18,0,Thursday
taz,2025-11-13 15:25:00+00:00,208,0,0,15,0,Thursday
rainbowveggie,2025-11-13 18:31:17+00:00,114,0,0,18,0,Thursday
movizark,2025-11-13 18:31:17+00:00,237,0,0,18,0,Thursday
alojapan,2025-11-13 18:31:15+00:00,517,1,0,18,1,Thursday
Billboard,2025-11-13 17:29:22+00:00,273,1,0,17,1,Thursday
OuestFrance,2025-11-13 17:30:09+00:00,354,0,0,17,0,Thursday
digital.income.genxer,2025-11-13 18:16:08+00:00,134,0,0,18,0,Thursday
fansided,2025-11-13 17:00:06+00:00,267,0,0,17,0,Thursday
f1mania,2025-11-13 17:42:26+00:00,266,1,0,17,1,Thursday
Digitalmehmet,2025-11-13 17:19:11+00:00,245,0,0,17,0,Thursday
Christoph_Keller,2025-11-13 18:31:15+00:00,410,0,0,18,0,Thursday
TheConversationUS,2025-11-13 18:31:01+00:00,350,1,0,18,1,Thursday
sysadmin,2025-11-13 18:31:09+00:00,3,0,0,18,0,Thursday
adamparkhomenko,2025-11-13 18:15:53+00:00,9,0,0,18,0,Thursday
acarsdrama,2025-11-13 18:28:01+00:00,178,0,0,18,0,Thursday
der_raDDler,2025-11-13 18:31:12+00:00,328,2,0,18,2,Thursday
benwerd,2025-11-13 16:41:04+00:00,35,0,0,16,0,Thursday
phastidio,2025-11-13 18:31:08+00:00,318,0,0,18,0,Thursday
warn_act_ca,2025-11-13 18:31:11+00:00,332,0,0,18,0,Thursday
mint,2025-11-13 18:31:09+00:00,15,0,0,18,0,Thursday
walknews,2025-11-13 18:31:08+00:00,65,0,0,18,0,Thursday
risahana,2025-11-13 18:31:11+00:00,9,0,0,18,0,Thursday
me,2025-11-13 18:31:10+00:00,32,0,0,18,0,Thursday
scarlett,2025-11-13 18:31:11+00:00,349,0,0,18,0,Thursday
fansided,2025-11-13 16:27:05+00:00,297,0,0,16,0,Thursday
iembot_shv,2025-11-13 18:31:10+00:00,161,0,0,18,0,Thursday
OpWereld,2025-11-13 18:31:10+00:00,334,0,0,18,0,Thursday
videos,2025-11-13 18:31:05+00:00,184,0,0,18,0,Thursday
mateo,2025-11-13 18:31:09+00:00,145,0,0,18,0,Thursday
Tagesspiegel,2025-11-13 17:34:51+00:00,340,2,0,17,2,Thursday
mateo,2025-11-13 18:31:09+00:00,92,0,0,18,0,Thursday
jfmezei,2025-11-13 18:31:00+00:00,625,0,0,18,0,Thursday
media,2025-11-13 18:31:05+00:00,192,1,0,18,1,Thursday
OuestFrance,2025-11-13 17:38:16+00:00,329,0,0,17,0,Thursday
emma_roth,2025-11-13 18:30:00+00:00,353,2,0,18,2,Thursday
imastodon_bot,2025-11-13 18:31:08+00:00,79,0,0,18,0,Thursday
mateo,2025-11-13 18:31:08+00:00,118,0,0,18,0,Thursday
mateo,2025-11-13 18:31:07+00:00,148,0,0,18,0,Thursday
editor,2025-11-13 18:30:56+00:00,51,0,0,18,0,Thursday
mlb,2025-11-13 18:31:05+00:00,168,1,0,18,1,Thursday
RER_A,2025-11-13 18:31:05+00:00,218,0,0,18,0,Thursday
nba,2025-11-13 18:31:04+00:00,443,2,0,18,2,Thursday
MBtrueb,2025-11-13 18:31:03+00:00,625,2,0,18,2,Thursday
jed,2025-11-13 18:31:04+00:00,209,0,0,18,0,Thursday
rawchili,2025-11-13 18:31:03+00:00,142,1,0,18,1,Thursday
uazmi,2025-11-13 18:31:01+00:00,167,1,0,18,1,Thursday
gazette,2025-11-13 18:30:04+00:00,133,0,0,18,0,Thursday
trending,2025-11-13 18:31:03+00:00,40,1,0,18,1,Thursday
stephenserjeant,2025-11-13 18:31:02+00:00,293,2,1,18,3,Thursday
NJcom,2025-11-13 17:41:07+00:00,299,1,0,17,1,Thursday
fansided,2025-11-13 15:17:45+00:00,263,0,0,15,0,Thursday
MotoGP,2025-11-13 18:30:00+00:00,76,0,0,18,0,Thursday
Pitt_FB,2025-11-13 18:30:39+00:00,33,0,0,18,0,Thursday
Redfuchs,2025-11-13 18:30:59+00:00,0,0,0,18,0,Thursday
tass,2025-11-13 18:31:02+00:00,95,1,0,18,1,Thursday
Avalanche,2025-11-13 18:29:50+00:00,54,0,0,18,0,Thursday
f1bot,2025-11-13 18:31:01+00:00,432,0,0,18,0,Thursday
FIFAWorldCup,2025-11-13 18:30:05+00:00,77,0,0,18,0,Thursday
odo,2025-11-13 18:27:52+00:00,232,0,0,18,0,Thursday
bschorr,2025-11-13 18:31:00+00:00,153,0,0,18,0,Thursday
warn_act_ca,2025-11-13 18:31:00+00:00,351,0,0,18,0,Thursday
blackgirlnerds,2025-11-13 18:15:36+00:00,288,0,0,18,0,Thursday
MephitisTouch,2025-11-13 18:30:57+00:00,30,0,0,18,0,Thursday
dailymail,2025-11-13 18:15:35+00:00,104,1,0,18,1,Thursday
matt,2025-11-13 18:30:00+00:00,136,0,0,18,0,Thursday
BleacherNation,2025-11-13 18:30:12+00:00,118,0,0,18,0,Thursday
tag24news,2025-11-13 18:15:48+00:00,375,0,0,18,0,Thursday
iMagazinePL,2025-11-13 18:30:58+00:00,263,0,0,18,0,Thursday
bigredcelt,2025-11-13 18:15:43+00:00,94,0,0,18,0,Thursday
jessemontano_,2025-11-13 18:28:46+00:00,138,0,0,18,0,Thursday
jessemontano_,2025-11-13 18:28:05+00:00,63,0,0,18,0,Thursday
Lana,2025-11-13 18:30:57+00:00,37,3,0,18,3,Thursday
Kegelrobbe,2025-11-13 18:30:58+00:00,280,0,2,18,2,Thursday
Tagesspiegel,2025-11-13 06:45:25+00:00,300,3,0,6,3,Thursday
Tierschutzlehrerin,2025-11-13 18:30:58+00:00,65,0,0,18,0,Thursday
MilitaryTimes,2025-11-13 17:42:20+00:00,288,0,0,17,0,Thursday
cigitalgem,2025-11-13 18:30:56+00:00,90,0,0,18,0,Thursday
AcLabEsp,2025-11-13 18:30:56+00:00,147,0,0,18,0,Thursday
DominoAqq,2025-11-13 18:30:15+00:00,4213,0,0,18,0,Thursday
NoticiasIndCL,2025-11-13 18:30:56+00:00,314,0,0,18,0,Thursday
holeinthehead2,2025-11-13 18:30:55+00:00,61,0,0,18,0,Thursday
Digitalmehmet,2025-11-13 17:01:14+00:00,266,0,0,17,0,Thursday
weaversspace,2025-11-13 18:30:56+00:00,304,0,0,18,0,Thursday
everybodyvotes,2025-11-13 18:30:55+00:00,39,2,0,18,2,Thursday
memeorandum,2025-11-13 18:30:55+00:00,314,0,0,18,0,Thursday
alcinnz,2025-11-13 18:30:54+00:00,492,0,0,18,0,Thursday
memeorandum,2025-11-13 18:30:55+00:00,201,0,0,18,0,Thursday
Digitalmehmet,2025-11-13 16:59:50+00:00,219,0,0,16,0,Thursday
thetonearm,2025-11-13 18:30:53+00:00,453,0,0,18,0,Thursday
SakuragawaAsaba,2025-11-13 18:30:16+00:00,63,0,0,18,0,Thursday
thelick,2025-11-13 18:30:50+00:00,71,0,0,18,0,Thursday
Patch,2025-11-13 16:34:43+00:00,235,1,0,16,1,Thursday
arsseis,2025-11-13 18:30:52+00:00,257,0,0,18,0,Thursday
trixter,2025-11-13 18:30:46+00:00,216,0,1,18,1,Thursday
bahnoev,2025-11-13 18:30:50+00:00,460,3,0,18,3,Thursday
movizark,2025-11-13 18:30:51+00:00,179,0,0,18,0,Thursday
FlipboardUK,2025-11-13 17:04:25+00:00,258,1,0,17,1,Thursday
ChicagoNewsBot,2025-11-13 18:30:49+00:00,205,0,0,18,0,Thursday
pandorablake,2025-11-13 18:30:48+00:00,137,0,0,18,0,Thursday
movizark,2025-11-13 18:30:50+00:00,231,0,0,18,0,Thursday
movizark,2025-11-13 18:30:50+00:00,309,0,0,18,0,Thursday
scp,2025-11-13 18:30:49+00:00,60,0,0,18,0,Thursday
codexverde,2025-11-13 18:30:45+00:00,345,0,0,18,0,Thursday
warn_act_ca,2025-11-13 18:30:49+00:00,314,0,0,18,0,Thursday
cultmtl,2025-11-13 18:15:17+00:00,247,0,0,18,0,Thursday
jdv_jazz,2025-11-13 18:30:45+00:00,84,0,0,18,0,Thursday
iembot_crp,2025-11-13 18:30:48+00:00,527,0,0,18,0,Thursday
AccessOn,2025-11-13 18:30:46+00:00,256,3,0,18,3,Thursday
Autismblues,2025-11-13 18:30:47+00:00,47,0,0,18,0,Thursday
Hoodline,2025-11-13 17:32:38+00:00,293,0,0,17,0,Thursday
Aster,2025-11-13 18:30:42+00:00,75,0,0,18,0,Thursday
evifneves,2025-11-13 18:30:47+00:00,74,0,0,18,0,Thursday
pandorablake,2025-11-13 18:30:43+00:00,181,0,0,18,0,Thursday
listigeplaylists.bsky.social,2025-11-13 18:30:25+00:00,169,0,0,18,0,Thursday
ntv2019,2025-11-13 17:30:10+00:00,238,0,0,17,0,Thursday
FlipboardUK,2025-11-13 17:07:34+00:00,336,1,0,17,1,Thursday
prtimes,2025-11-13 18:30:44+00:00,174,0,0,18,0,Thursday
SunScales,2025-11-13 18:30:43+00:00,112,0,0,18,0,Thursday
shadow_cats_texas,2025-11-13 18:15:37+00:00,345,0,0,18,0,Thursday
pleursdejoie,2025-11-13 18:30:44+00:00,163,0,0,18,0,Thursday
gmarcosanti,2025-11-13 18:30:43+00:00,14,1,0,18,1,Thursday
scumsuck,2025-11-13 18:30:41+00:00,85,0,0,18,0,Thursday
istnurzumtesten,2025-11-13 18:30:43+00:00,75,0,0,18,0,Thursday
kevin,2025-11-13 18:30:41+00:00,239,1,0,18,1,Thursday
parks,2025-11-13 18:30:36+00:00,121,0,0,18,0,Thursday
murz,2025-11-13 18:30:42+00:00,42,0,0,18,0,Thursday
pornhub,2025-11-13 18:30:36+00:00,179,1,0,18,1,Thursday
Gonzelvis,2025-11-13 18:30:39+00:00,104,0,0,18,0,Thursday
AccessOn,2025-11-13 18:30:39+00:00,429,3,0,18,3,Thursday
realmadrid,2025-11-13 18:30:00+00:00,51,0,0,18,0,Thursday
f1mania,2025-11-13 16:59:12+00:00,253,1,0,16,1,Thursday
sebsauvage,2025-11-13 18:30:35+00:00,277,1,0,18,1,Thursday
ComicBookcom,2025-11-13 17:30:00+00:00,300,1,0,17,1,Thursday
angelospics,2025-11-13 18:30:40+00:00,121,0,0,18,0,Thursday
nycdatabot,2025-11-13 18:29:56+00:00,97,0,0,18,0,Thursday
prtimes,2025-11-13 18:30:39+00:00,146,0,0,18,0,Thursday
syrinx20XX,2025-11-13 18:30:39+00:00,63,0,0,18,0,Thursday
discovery,2025-11-13 18:30:36+00:00,335,1,0,18,1,Thursday
warn_act_ca,2025-11-13 18:30:38+00:00,335,0,0,18,0,Thursday
blabbermouth.net.feed,2025-11-13 18:30:37+00:00,434,0,0,18,0,Thursday
blabbermouth.net.feed,2025-11-13 18:30:37+00:00,447,0,0,18,0,Thursday
blabbermouth.net.feed,2025-11-13 18:30:37+00:00,422,0,0,18,0,Thursday
blabbermouth.net.feed,2025-11-13 18:30:37+00:00,518,0,0,18,0,Thursday
blabbermouth.net.feed,2025-11-13 18:30:37+00:00,324,0,0,18,0,Thursday
blabbermouth.net.feed,2025-11-13 18:30:37+00:00,493,0,0,18,0,Thursday
blabbermouth.net.feed,2025-11-13 18:30:37+00:00,489,0,0,18,0,Thursday
abc_deportes_mx,2025-11-13 18:28:44+00:00,210,0,0,18,0,Thursday
blabbermouth.net.feed,2025-11-13 18:30:37+00:00,428,0,0,18,0,Thursday
blabbermouth.net.feed,2025-11-13 18:30:37+00:00,494,0,0,18,0,Thursday
groningen,2025-11-13 18:30:33+00:00,227,0,0,18,0,Thursday
FabrizioRomano,2025-11-13 18:29:10+00:00,123,0,0,18,0,Thursday
Tagesspiegel,2025-11-13 17:23:33+00:00,341,3,0,17,3,Thursday
Patch,2025-11-13 17:34:30+00:00,260,1,0,17,1,Thursday
www.alternet.org,2025-11-13 18:30:35+00:00,382,0,0,18,0,Thursday
nieuws,2025-11-13 18:30:34+00:00,245,0,0,18,0,Thursday
movizark,2025-11-13 18:30:35+00:00,286,0,0,18,0,Thursday
www.alternet.org,2025-11-13 18:30:35+00:00,370,0,0,18,0,Thursday
www.alternet.org,2025-11-13 18:30:35+00:00,371,0,0,18,0,Thursday
www.alternet.org,2025-11-13 18:30:35+00:00,384,0,0,18,0,Thursday
www.alternet.org,2025-11-13 18:30:35+00:00,340,0,0,18,0,Thursday
www.alternet.org,2025-11-13 18:30:35+00:00,386,0,0,18,0,Thursday
TechNewsAR,2025-11-13 18:30:34+00:00,493,0,0,18,0,Thursday
iamsydneyshea,2025-11-13 18:15:23+00:00,64,0,0,18,0,Thursday
www.alternet.org,2025-11-13 18:30:35+00:00,360,0,0,18,0,Thursday
www.alternet.org,2025-11-13 18:30:35+00:00,393,0,0,18,0,Thursday
www.alternet.org,2025-11-13 18:30:35+00:00,400,0,0,18,0,Thursday
www.alternet.org,2025-11-13 18:30:35+00:00,397,0,0,18,0,Thursday
www.alternet.org,2025-11-13 18:30:35+00:00,374,0,0,18,0,Thursday
tangotiger,2025-11-13 18:28:42+00:00,183,0,0,18,0,Thursday
prtimes,2025-11-13 18:30:33+00:00,179,0,0,18,0,Thursday
BoBrack,2025-11-13 18:28:28+00:00,141,0,0,18,0,Thursday
nieuws,2025-11-13 18:30:33+00:00,114,0,0,18,0,Thursday
TheProvince,2025-11-13 17:30:53+00:00,258,0,0,17,0,Thursday
aaliamauro,2025-11-13 18:15:21+00:00,353,1,0,18,1,Thursday
parentportfolio,2025-11-13 17:44:55+00:00,258,2,0,17,2,Thursday
the_mommy_talks,2025-11-13 18:15:17+00:00,100,0,0,18,0,Thursday
tastingtable,2025-11-13 17:30:00+00:00,244,0,0,17,0,Thursday
meteophile,2025-11-13 18:30:30+00:00,186,0,0,18,0,Thursday
ActusFR,2025-11-13 18:30:31+00:00,504,0,0,18,0,Thursday
homestucklinebyline,2025-11-13 18:30:30+00:00,18,0,0,18,0,Thursday
ActusFR,2025-11-13 18:30:31+00:00,499,0,0,18,0,Thursday
SujaMd,2025-11-13 17:44:50+00:00,171,0,0,17,0,Thursday
manum,2025-11-13 18:30:31+00:00,298,0,0,18,0,Thursday
gingitsune_time,2025-11-13 18:30:32+00:00,11,0,0,18,0,Thursday
NationalParks,2025-11-13 18:29:30+00:00,182,0,0,18,0,Thursday
nieuws,2025-11-13 18:30:31+00:00,219,0,0,18,0,Thursday
listigeplaylists.bsky.social,2025-11-13 18:30:24+00:00,272,0,0,18,0,Thursday
LegoCobraKai,2025-11-13 18:30:31+00:00,34,0,0,18,0,Thursday
acidshadow,2025-11-13 18:30:30+00:00,356,0,0,18,0,Thursday
risahana,2025-11-13 18:30:31+00:00,10,0,0,18,0,Thursday
daletra,2025-11-13 18:30:29+00:00,138,0,0,18,0,Thursday
EroBookSaleNavi,2025-11-13 18:30:26+00:00,116,0,0,18,0,Thursday
ledevoir,2025-11-13 18:30:29+00:00,471,0,0,18,0,Thursday
ghostintheshell,2025-11-13 18:30:28+00:00,76,0,0,18,0,Thursday
meteophile,2025-11-13 18:30:28+00:00,206,0,0,18,0,Thursday
forbes,2025-11-13 17:36:11+00:00,239,1,0,17,1,Thursday
forbes,2025-11-13 17:30:00+00:00,261,1,0,17,1,Thursday
NullTheFool,2025-11-13 18:30:29+00:00,76,1,0,18,1,Thursday
MirSobhan,2025-11-13 18:30:29+00:00,93,0,0,18,0,Thursday
prtimes,2025-11-13 18:30:28+00:00,205,0,0,18,0,Thursday
chaossea,2025-11-13 18:30:28+00:00,132,0,0,18,0,Thursday
warn_act_ca,2025-11-13 18:30:27+00:00,296,0,0,18,0,Thursday
MichaelRomancov,2025-11-13 18:30:27+00:00,235,0,0,18,0,Thursday
midna,2025-11-13 18:30:27+00:00,46,0,0,18,0,Thursday
telekafkycky,2025-11-13 18:30:19+00:00,240,0,0,18,0,Thursday
burningshed,2025-11-13 18:15:16+00:00,185,0,0,18,0,Thursday
Sumire,2025-11-13 18:30:26+00:00,89,0,0,18,0,Thursday
Leader_Post,2025-11-13 17:33:14+00:00,318,0,0,17,0,Thursday
daletrabr,2025-11-13 18:30:26+00:00,141,0,0,18,0,Thursday
SujaMd,2025-11-13 17:44:43+00:00,230,0,0,17,0,Thursday
boris_pohler,2025-11-13 18:30:25+00:00,53,0,0,18,0,Thursday
jdv_dance,2025-11-13 18:30:23+00:00,103,0,0,18,0,Thursday
linkedin_openings,2025-11-13 18:27:11+00:00,122,0,0,18,0,Thursday
honicpera,2025-11-13 18:30:24+00:00,275,0,0,18,0,Thursday
mhatta,2025-11-13 18:30:24+00:00,55,0,0,18,0,Thursday
Pocketlint,2025-11-13 18:30:24+00:00,95,0,0,18,0,Thursday
firecams,2025-11-13 18:30:23+00:00,116,0,0,18,0,Thursday
sncf_ligne_l,2025-11-13 18:30:20+00:00,30,0,0,18,0,Thursday
volcanes_cr,2025-11-13 18:30:17+00:00,251,0,0,18,0,Thursday
uavideos,2025-11-13 18:30:20+00:00,127,0,0,18,0,Thursday
Hoodline,2025-11-13 17:32:21+00:00,296,0,0,17,0,Thursday
prtimes,2025-11-13 18:30:23+00:00,162,0,0,18,0,Thursday
danielthedaring,2025-11-13 18:30:18+00:00,48,0,0,18,0,Thursday
daletrabr,2025-11-13 18:30:22+00:00,145,0,0,18,0,Thursday
Lemmy123,2025-11-13 18:30:21+00:00,139,0,0,18,0,Thursday
mastosalo,2025-11-13 18:30:22+00:00,185,0,0,18,0,Thursday
top_shelf,2025-11-13 18:27:08+00:00,168,0,0,18,0,Thursday
WConcertHall,2025-11-13 18:30:22+00:00,182,0,0,18,0,Thursday
TheNewStack,2025-11-13 18:30:22+00:00,221,0,0,18,0,Thursday
quaff,2025-11-13 18:30:21+00:00,156,0,0,18,0,Thursday
CapitalMagazin,2025-11-13 17:24:00+00:00,225,0,0,17,0,Thursday
gorekhaa,2025-11-13 18:30:20+00:00,489,0,0,18,0,Thursday
news,2025-11-13 18:30:21+00:00,324,0,0,18,0,Thursday
NatalieDavis,2025-11-13 18:30:18+00:00,121,0,0,18,0,Thursday
EurekaKreuzwort,2025-11-13 18:30:17+00:00,226,0,1,18,1,Thursday
markus1982,2025-11-13 18:30:18+00:00,95,0,0,18,0,Thursday
nwslnewsbot,2025-11-13 18:30:19+00:00,240,0,0,18,0,Thursday
schmidtisblog,2025-11-13 18:30:19+00:00,253,0,0,18,0,Thursday
openonline,2025-11-13 18:30:19+00:00,313,0,0,18,0,Thursday
RER_C,2025-11-13 18:30:19+00:00,30,0,0,18,0,Thursday
spittinchiclets,2025-11-13 18:29:22+00:00,61,0,0,18,0,Thursday
ComicContext,2025-11-13 18:30:18+00:00,0,0,0,18,0,Thursday
ggrant,2025-11-13 18:30:19+00:00,178,0,0,18,0,Thursday
HasiciPraha,2025-11-13 18:30:18+00:00,317,0,0,18,0,Thursday
roadfmsong,2025-11-13 18:30:19+00:00,145,0,0,18,0,Thursday
georgetakei,2025-11-13 18:30:11+00:00,60,12,14,18,26,Thursday
firecams,2025-11-13 18:30:17+00:00,119,0,0,18,0,Thursday
CFL,2025-11-13 18:28:40+00:00,125,0,0,18,0,Thursday
taz_de,2025-11-13 17:29:00+00:00,256,1,0,17,1,Thursday
prtimes,2025-11-13 18:30:17+00:00,168,0,0,18,0,Thursday
FlipboardUK,2025-11-13 16:04:38+00:00,309,1,0,16,1,Thursday
usa_west,2025-11-13 18:27:05+00:00,155,0,0,18,0,Thursday
RedditCFB,2025-11-13 18:28:18+00:00,60,0,0,18,0,Thursday
ggrant,2025-11-13 18:30:17+00:00,218,1,0,18,1,Thursday
halla,2025-11-13 18:30:03+00:00,317,0,0,18,0,Thursday
DrSprockets,2025-11-13 18:30:17+00:00,79,1,0,18,1,Thursday
NJcom,2025-11-13 17:15:13+00:00,315,1,0,17,1,Thursday
warn_act_ca,2025-11-13 18:30:16+00:00,359,0,0,18,0,Thursday
fansided,2025-11-13 16:00:05+00:00,252,1,0,16,1,Thursday
libraries,2025-11-13 18:26:33+00:00,136,0,0,18,0,Thursday
Digitalmehmet,2025-11-13 16:58:04+00:00,295,0,0,16,0,Thursday
reporterchris,2025-11-13 18:27:27+00:00,112,1,0,18,1,Thursday
perssia.co,2025-11-13 18:15:01+00:00,514,0,0,18,0,Thursday
f95zone.to,2025-11-13 18:28:07+00:00,234,1,0,18,1,Thursday
alternativeto,2025-11-13 18:30:14+00:00,347,1,1,18,2,Thursday
wrathreborn,2025-11-13 18:30:15+00:00,339,0,0,18,0,Thursday
VivereFabriano,2025-11-13 18:30:15+00:00,98,0,0,18,0,Thursday
noiseboxradio,2025-11-13 18:30:16+00:00,262,0,0,18,0,Thursday
noticias,2025-11-13 18:30:12+00:00,304,0,0,18,0,Thursday
CircaSports,2025-11-13 18:28:37+00:00,94,0,0,18,0,Thursday
syrinx20XX,2025-11-13 18:30:15+00:00,51,0,0,18,0,Thursday
incomparable,2025-11-13 18:30:03+00:00,128,0,0,18,0,Thursday
10min_times,2025-11-13 18:30:14+00:00,40,0,0,18,0,Thursday
shizamura,2025-11-13 18:30:09+00:00,88,1,0,18,1,Thursday
sociedad-noticias.com,2025-11-13 18:30:00+00:00,4025,0,0,18,0,Thursday
noticias,2025-11-13 18:30:12+00:00,262,0,0,18,0,Thursday
roadfmsong,2025-11-13 18:30:14+00:00,134,0,0,18,0,Thursday
firecams,2025-11-13 18:30:12+00:00,125,0,0,18,0,Thursday
3dnews,2025-11-13 18:30:04+00:00,311,1,0,18,1,Thursday
lionelb,2025-11-13 18:30:10+00:00,301,0,0,18,0,Thursday
airquality,2025-11-13 18:30:13+00:00,119,0,0,18,0,Thursday
noticias,2025-11-13 18:30:12+00:00,291,0,0,18,0,Thursday
noticias,2025-11-13 18:30:12+00:00,317,0,0,18,0,Thursday
omroepbrabant,2025-11-13 18:30:12+00:00,395,0,0,18,0,Thursday
kubikpixel,2025-11-13 18:30:11+00:00,536,1,0,18,1,Thursday
prtimes,2025-11-13 18:30:12+00:00,168,0,0,18,0,Thursday
Pistolenkind,2025-11-13 18:30:05+00:00,149,0,1,18,1,Thursday
noticias,2025-11-13 18:30:12+00:00,300,0,0,18,0,Thursday
BBC,2025-11-13 18:30:03+00:00,69,0,0,18,0,Thursday
abc,2025-11-13 17:36:42+00:00,261,1,0,17,1,Thursday
urldna,2025-11-13 18:30:10+00:00,182,0,0,18,0,Thursday
Sportsnet,2025-11-13 18:29:31+00:00,191,0,0,18,0,Thursday
bolts,2025-11-13 18:30:07+00:00,305,0,0,18,0,Thursday
ColumbusDispatc,2025-11-13 17:32:31+00:00,60,0,0,17,0,Thursday
mjt,2025-11-13 18:30:11+00:00,127,0,0,18,0,Thursday
bigtuffal,2025-11-13 18:30:10+00:00,143,0,0,18,0,Thursday
franceinfo,2025-11-13 18:30:05+00:00,460,0,0,18,0,Thursday
locutora,2025-11-13 18:30:06+00:00,453,0,0,18,0,Thursday
ppival,2025-11-13 18:30:10+00:00,151,0,0,18,0,Thursday
sdmusiceventsbot,2025-11-13 18:30:11+00:00,174,0,0,18,0,Thursday
perssia.co,2025-11-13 18:14:57+00:00,468,0,0,18,0,Thursday
elpais.com,2025-11-13 18:29:52+00:00,274,0,0,18,0,Thursday
media,2025-11-13 18:30:06+00:00,167,1,0,18,1,Thursday
phoenix,2025-11-13 18:30:09+00:00,343,0,0,18,0,Thursday
EsquerdaNet,2025-11-13 18:30:09+00:00,485,0,0,18,0,Thursday
TheHockeyWriters,2025-11-13 18:30:08+00:00,81,1,0,18,1,Thursday
f95zone.to,2025-11-13 18:28:10+00:00,148,0,0,18,0,Thursday
douban,2025-11-13 18:30:07+00:00,7,0,0,18,0,Thursday
risahana,2025-11-13 18:30:08+00:00,13,0,0,18,0,Thursday
BBC,2025-11-13 18:30:03+00:00,78,0,0,18,0,Thursday
mlb,2025-11-13 18:30:05+00:00,163,1,0,18,1,Thursday
minenest,2025-11-13 18:30:05+00:00,58,0,0,18,0,Thursday
ufofeed,2025-11-13 18:30:03+00:00,312,0,0,18,0,Thursday
prtimes,2025-11-13 18:30:06+00:00,155,0,0,18,0,Thursday
athletic_fl,2025-11-13 18:30:07+00:00,299,1,0,18,1,Thursday
kpop,2025-11-13 18:30:05+00:00,142,0,0,18,0,Thursday
movizark,2025-11-13 18:30:07+00:00,332,0,0,18,0,Thursday
MaritStiles,2025-11-13 18:30:07+00:00,312,0,0,18,0,Thursday
antireport,2025-11-13 18:30:05+00:00,145,0,0,18,0,Thursday
noticias,2025-11-13 18:30:06+00:00,286,0,0,18,0,Thursday
nba,2025-11-13 18:30:05+00:00,144,1,0,18,1,Thursday
gotorola,2025-11-13 18:30:04+00:00,81,0,0,18,0,Thursday
f95zone.to,2025-11-13 18:28:23+00:00,129,0,0,18,0,Thursday
uchileradio,2025-11-13 18:30:06+00:00,293,0,0,18,0,Thursday
BAILII,2025-11-13 18:30:06+00:00,175,0,0,18,0,Thursday
bocvip,2025-11-13 18:30:05+00:00,105,0,0,18,0,Thursday
mtaupdates,2025-11-13 18:26:21+00:00,257,0,0,18,0,Thursday
kudryavka_bot,2025-11-13 18:30:05+00:00,22,0,0,18,0,Thursday
ubuntublog,2025-11-13 18:30:03+00:00,131,0,0,18,0,Thursday
noticias,2025-11-13 18:30:04+00:00,179,0,0,18,0,Thursday
announcements,2025-11-13 18:30:01+00:00,215,0,0,18,0,Thursday
OntarioNDP,2025-11-13 18:30:06+00:00,135,0,0,18,0,Thursday
warn_act_ca,2025-11-13 18:30:06+00:00,350,0,0,18,0,Thursday
bbcnewsfeed,2025-11-13 18:30:05+00:00,256,0,0,18,0,Thursday
LaughingSquid,2025-11-13 17:44:15+00:00,124,1,0,17,1,Thursday
damy85toot,2025-11-13 18:30:05+00:00,217,2,0,18,2,Thursday
markets_bot,2025-11-13 18:30:05+00:00,226,0,0,18,0,Thursday
astrocohors.club,2025-11-13 18:29:55+00:00,286,0,0,18,0,Thursday
above_venhuizen,2025-11-13 18:30:03+00:00,223,0,0,18,0,Thursday
NBCSCeltics,2025-11-13 18:29:06+00:00,207,0,0,18,0,Thursday
altcoinpost,2025-11-13 18:14:48+00:00,18,0,0,18,0,Thursday
locutora,2025-11-13 18:30:03+00:00,427,0,0,18,0,Thursday
BBC,2025-11-13 18:30:03+00:00,79,0,0,18,0,Thursday
Stern_Digital,2025-11-13 17:40:00+00:00,246,2,0,17,2,Thursday
N9NDF,2025-11-13 18:30:04+00:00,263,0,0,18,0,Thursday
NuOpRadio2,2025-11-13 18:30:03+00:00,48,0,0,18,0,Thursday
stephanie,2025-11-13 18:30:03+00:00,173,4,1,18,5,Thursday
kasumin,2025-11-13 18:30:03+00:00,7,0,0,18,0,Thursday
rc,2025-11-13 18:30:03+00:00,191,0,0,18,0,Thursday
movizark,2025-11-13 18:30:03+00:00,353,0,0,18,0,Thursday
HindustanTimes,2025-11-13 17:09:14+00:00,313,1,0,17,1,Thursday
ash_parrish,2025-11-13 18:29:23+00:00,518,2,0,18,2,Thursday
tass,2025-11-13 18:30:01+00:00,116,1,0,18,1,Thursday
time_cut_line,2025-11-13 18:30:02+00:00,34,0,0,18,0,Thursday
logistics,2025-11-13 18:30:02+00:00,29,0,0,18,0,Thursday
NJcom,2025-11-13 17:00:00+00:00,284,1,0,17,1,Thursday
lentaru,2025-11-13 18:30:01+00:00,131,1,0,18,1,Thursday
speckdaene,2025-11-13 18:30:01+00:00,460,0,0,18,0,Thursday
sarahp.bsky.social,2025-11-13 18:29:55+00:00,107,0,0,18,0,Thursday
JFreshHockey,2025-11-13 18:27:21+00:00,2,0,0,18,0,Thursday
ketymume,2025-11-13 18:14:46+00:00,313,0,0,18,0,Thursday
prtimes,2025-11-13 18:30:01+00:00,173,0,0,18,0,Thursday
slashdot,2025-11-13 18:30:01+00:00,144,0,0,18,0,Thursday
slashdot,2025-11-13 18:30:01+00:00,157,0,0,18,0,Thursday
toneji,2025-11-13 18:29:58+00:00,89,0,0,18,0,Thursday
angelospics,2025-11-13 18:29:59+00:00,125,0,0,18,0,Thursday
haikus_horrifiques,2025-11-13 18:30:01+00:00,79,0,0,18,0,Thursday
joshuapsteele,2025-11-13 18:27:36+00:00,28,0,0,18,0,Thursday
gingitsune_time,2025-11-13 18:30:01+00:00,12,0,0,18,0,Thursday
slovensko,2025-11-13 18:30:01+00:00,259,0,0,18,0,Thursday
ColumbusDispatc,2025-11-13 16:51:12+00:00,60,0,0,16,0,Thursday
seeoganic,2025-11-13 18:29:58+00:00,258,0,0,18,0,Thursday
hypno__bot,2025-11-13 18:25:47+00:00,37,0,0,18,0,Thursday
alina,2025-11-13 18:29:51+00:00,74,0,0,18,0,Thursday
abbas_dp,2025-11-13 18:29:57+00:00,948,0,0,18,0,Thursday
ChatelaineMag,2025-11-13 17:37:28+00:00,179,0,0,17,0,Thursday
f95zone.to,2025-11-13 18:28:28+00:00,111,1,0,18,1,Thursday
mwi.invest,2025-11-13 18:14:44+00:00,329,0,0,18,0,Thursday
BlackEnterp2018,2025-11-13 17:30:00+00:00,246,1,0,17,1,Thursday
duccnguyen,2025-11-13 18:14:43+00:00,113,0,0,18,0,Thursday
Ranchoutan,2025-11-13 18:29:56+00:00,64,0,0,18,0,Thursday
MetrolandMedia,2025-11-13 16:17:00+00:00,346,1,0,16,1,Thursday
ohmu,2025-11-13 18:29:50+00:00,175,0,0,18,0,Thursday
prtimes,2025-11-13 18:29:56+00:00,167,0,0,18,0,Thursday
ChelseaFCW,2025-11-13 18:28:13+00:00,66,0,0,18,0,Thursday
nafnlj,2025-11-13 18:29:52+00:00,186,0,0,18,0,Thursday
warn_act_ca,2025-11-13 18:29:55+00:00,352,0,0,18,0,Thursday
ColumbusDispatc,2025-11-13 16:21:30+00:00,60,0,0,16,0,Thursday
DivineSmiteMiss,2025-11-13 18:29:54+00:00,19,0,0,18,0,Thursday
foufoutos,2025-11-13 18:29:51+00:00,449,0,0,18,0,Thursday
mwi.invest,2025-11-13 18:14:38+00:00,401,0,0,18,0,Thursday
MassLive,2025-11-13 17:41:25+00:00,307,1,0,17,1,Thursday
RandomObservations,2025-11-13 18:29:53+00:00,133,0,0,18,0,Thursday
Yardbarker,2025-11-13 17:25:25+00:00,278,0,0,17,0,Thursday
enigma,2025-11-13 18:29:52+00:00,195,0,0,18,0,Thursday
f95zone.to,2025-11-13 18:28:29+00:00,116,1,0,18,1,Thursday
Independent,2025-11-13 17:39:17+00:00,335,1,0,17,1,Thursday
Trepur,2025-11-13 18:29:50+00:00,221,0,0,18,0,Thursday
ilPost,2025-11-13 17:31:31+00:00,216,1,0,17,1,Thursday
blogoklahoma,2025-11-13 18:29:39+00:00,277,0,0,18,0,Thursday
lemmerweeriot,2025-11-13 18:29:51+00:00,110,0,0,18,0,Thursday
EveningStandard,2025-11-13 17:30:27+00:00,258,1,0,17,1,Thursday
prtimes,2025-11-13 18:29:50+00:00,180,0,0,18,0,Thursday
risahana,2025-11-13 18:29:50+00:00,15,0,0,18,0,Thursday
marginaliasubversiva,2025-11-13 18:14:38+00:00,170,0,0,18,0,Thursday
PugHollowSanctuary,2025-11-13 18:28:55+00:00,85,0,0,18,0,Thursday
TakamiChie,2025-11-13 18:29:48+00:00,117,0,0,18,0,Thursday
MartinGuay,2025-11-13 18:29:44+00:00,284,1,0,18,1,Thursday
tekhedd,2025-11-13 18:29:48+00:00,158,0,0,18,0,Thursday
www.whathifi.com,2025-11-13 18:29:48+00:00,292,0,0,18,0,Thursday
bloomberg,2025-11-13 17:23:43+00:00,268,1,0,17,1,Thursday
www.whathifi.com,2025-11-13 18:29:48+00:00,319,0,0,18,0,Thursday
www.whathifi.com,2025-11-13 18:29:48+00:00,310,0,0,18,0,Thursday
Mjhall,2025-11-13 18:29:48+00:00,217,0,0,18,0,Thursday
www.whathifi.com,2025-11-13 18:29:48+00:00,259,0,0,18,0,Thursday
taz_de,2025-11-13 17:38:00+00:00,229,1,0,17,1,Thursday
DrSprockets,2025-11-13 18:29:47+00:00,79,0,0,18,0,Thursday
annette,2025-11-13 18:29:46+00:00,245,0,0,18,0,Thursday
f95zone.to,2025-11-13 18:28:39+00:00,142,0,0,18,0,Thursday
f95zone.to,2025-11-13 18:28:37+00:00,123,1,0,18,1,Thursday
junebug,2025-11-13 18:29:42+00:00,25,0,0,18,0,Thursday
jornalpublicobot,2025-11-13 18:29:46+00:00,304,0,0,18,0,Thursday
HELLOMagazine,2025-11-13 17:30:47+00:00,321,0,0,17,0,Thursday
MDoficial,2025-11-13 17:01:09+00:00,178,0,0,17,0,Thursday
prtimes,2025-11-13 18:29:45+00:00,185,0,0,18,0,Thursday
LigaBBVAMX,2025-11-13 18:28:45+00:00,152,0,0,18,0,Thursday
Hoodline,2025-11-13 17:28:12+00:00,363,0,0,17,0,Thursday
mwi.invest,2025-11-13 18:14:34+00:00,431,0,0,18,0,Thursday
uinotify,2025-11-13 18:29:45+00:00,44,0,0,18,0,Thursday
jumax9,2025-11-13 18:29:45+00:00,184,0,0,18,0,Thursday
NOSRSS,2025-11-13 18:29:44+00:00,455,0,0,18,0,Thursday
rueckbau,2025-11-13 18:29:44+00:00,50,0,0,18,0,Thursday
6v8,2025-11-13 18:29:44+00:00,124,0,0,18,0,Thursday
warn_act_ca,2025-11-13 18:29:44+00:00,352,0,0,18,0,Thursday
acarsdrama,2025-11-13 18:27:06+00:00,168,0,0,18,0,Thursday
Alex__Schiffer,2025-11-13 18:28:41+00:00,108,0,0,18,0,Thursday
jaydmharris,2025-11-13 18:29:06+00:00,244,0,0,18,0,Thursday
escape,2025-11-13 18:29:42+00:00,166,0,0,18,0,Thursday
GamingNews,2025-11-13 18:29:37+00:00,534,0,0,18,0,Thursday
pedrosiilvestree,2025-11-13 18:14:31+00:00,335,0,0,18,0,Thursday
www.universfreebox.com,2025-11-13 18:29:41+00:00,444,0,0,18,0,Thursday
timwaterman,2025-11-13 18:29:41+00:00,123,0,0,18,0,Thursday
prtimes,2025-11-13 18:29:40+00:00,169,0,0,18,0,Thursday
Digitalmehmet,2025-11-13 16:55:29+00:00,308,0,0,16,0,Thursday
marga_m22,2025-11-13 18:29:40+00:00,232,0,0,18,0,Thursday
taz_de,2025-11-13 17:26:00+00:00,195,1,0,17,1,Thursday
wholesomesideofthreads,2025-11-13 18:14:24+00:00,40,0,0,18,0,Thursday
Tom23,2025-11-13 18:29:38+00:00,178,1,0,18,1,Thursday
Digitalmehmet,2025-11-13 17:02:56+00:00,256,0,0,17,0,Thursday
Lana,2025-11-13 18:29:28+00:00,156,2,5,18,7,Thursday
anoldbearjpn,2025-11-13 18:14:27+00:00,98,0,0,18,0,Thursday
disquiet,2025-11-13 18:29:20+00:00,222,0,0,18,0,Thursday
f95zone.to,2025-11-13 18:28:41+00:00,209,0,0,18,0,Thursday
VancouverSun,2025-11-13 17:27:07+00:00,233,1,0,17,1,Thursday
holyfredmango,2025-11-13 17:41:50+00:00,229,0,0,17,0,Thursday
prtimes,2025-11-13 18:29:34+00:00,152,0,0,18,0,Thursday
zundan,2025-11-13 18:29:24+00:00,40,0,0,18,0,Thursday
release_leaks,2025-11-13 18:29:34+00:00,280,0,0,18,0,Thursday
Futurezone_de,2025-11-13 17:38:00+00:00,305,0,0,17,0,Thursday
